[Eubacterium]_coprostanoligenes_group	[Eubacterium]_hallii_group	[Ruminococcus]_torques_group	Acidaminobacter	Acidovorax	Acinetobacter	Alistipes	Allorhizobium-Neorhizobium-Pararhizobium-Rhizobium	Altererythrobacter	Anaerococcus	Anaerostipes	Aquabacterium	ASF356	Azoarcus	Bacillus	Bacteroides	Barnesiella	Bartonella	Bavariicoccus	Bifidobacterium	Blautia	Burkholderia-Caballeronia-Paraburkholderia	Butyrivibrio	Campylobacter	Catenibacterium	Cetobacterium	Christensenellaceae_R-7_group	Chryseobacterium	Cloacibacillus	Clostridia_UCG-014	Clostridioides	Clostridium_sensu_stricto_1	Collinsella	Corynebacterium	Cutibacterium	Dermatophilus	Desulfovibrio	Dialister	Dojkabacteria	Dorea	DTU089	Ellin6067	Enterobacillus	Enterobacter	Enterococcus	Escherichia-Shigella	Exiguobacterium	Extensimonas	Facklamia	Faecalibacterium	Fastidiosipila	Ferrovibrio	Finegoldia	Flavobacterium	Fluviicola	Gastranaerophilales	Gemella	Haemophilus	Haliangium	Halobacillus	Halomonas	Helicobacter	Herbaspirillum	Hydrogenophilus	Incertae_Sedis	Kocuria	Lachnospira	Lachnospiraceae_FE2018_group	Lachnospiraceae_NK4A136_group	Lachnospiraceae_UCG-008	Lactobacillus	Lactococcus	Latescibacterota	Lentimicrobium	Leptothrix	Lysinibacillus	Marinococcus	Mesorhizobium	Microlunatus	Microvirga	Mucilaginibacter	Mycobacterium	NK4A214_group	Novosphingobium	Olsenella	Oscillibacter	Paenibacillaceae	Parabacteroides	Parabasalia	Paracoccus	Parasutterella	Pelomonas	Pelosinus	Peptoniphilus	Phascolarctobacterium	Pleurocapsa_PCC-7319	Prevotella	Prevotellaceae	Prevotellaceae_NK3B31_group	Prevotellaceae_UCG-001	Proteiniborus	Proteiniclasticum	Pseudomonas	Pseudoruegeria	Psychrobacter	Puniceicoccus	Rhodopseudomonas	Rickettsia	Romboutsia	Roseburia	Rubrobacter	Ruminococcus	Saccharimonadales	SB-5	Sericytochromatia	Skermanella	Soehngenia	Soonwooa	Sphingobium	Sphingomonas	Staphylococcus	Stenotrophomonas	Streptococcus	Sutterella	Termite_Treponema_cluster	Thalassospira	Thermomonas	TM7x	Trachelomonas	Tyzzerella	UBA1819	UCG-004	Unclassified	W5053	Xenorhabdus
SRR31465416	0	0	0	0	0	0.376409083483091	0	0	0	0	0	0	0	0	0	0	0	0	0	0	0	0	0	0	0	0	0	0	0	0	0	0	0	0	0.020421499754942	0	0	0	0	0	0	0	0	0	0	0.458911942493057	0	0	0	0	0	0	0	0	0	0	0	0	0	0	0	0	0	0	0	0	0	0	0	0	0	0	0	0	0	0	0	0	0	0	0	0	0	0	0	0	0	0	0	0	0	0	0	0	0	0	0	0	0	0	0	0	0	0	0.127103414474759	0	0	0	0	0	0	0	0	0	0	0	0	0	0	0	0	0	0	0	0	0	0	0	0	0	0	0	0.0171540597941513	0	0
SRR31465417	0	0	0	0	0	0.11410874053682	0	0	0	0	0	0	0	0	0	0	0	0.0024776324845148	0	0	0	0	0	0	0	0	0	0.0836889194769442	0	0	0	0	0	0	0.120715760495527	0.00344115622849277	0	0	0	0	0	0	0	0	0	0.0525808671713696	0	0.0656572608396421	0	0	0	0	0	0	0.000275292498279422	0	0	0	0	0	0	0	0	0.0167928423950447	0	0.0196834136269787	0	0	0	0	0.0012388162422574	0	0	0	0.00605643496214728	0	0	0	0	0.0132140399174123	0	0	0	0.0174810736407433	0	0	0	0	0	0.08093599449415	0	0	0	0	0	0	0	0	0	0	0	0	0.0134893324156917	0	0.0291810048176187	0	0	0	0	0	0	0	0	0.000275292498279422	0	0	0	0	0	0.0535443909153476	0.168479008947006	0	0.0536820371644873	0	0	0.0115622849277357	0.00812112869924294	0	0	0	0	0	0.063317274604267	0	0
SRR31465418	0	0	0	0	0	0.0535511363636364	0	0.015625	0	0	0	0	0	0	0	0	0	0.0176136363636364	0	0	0	0	0	0	0	0	0	0.0115056818181818	0	0	0	0	0	0	0	0	0	0	0	0	0	0	0	0	0	0.55	0	0	0	0	0	0	0	0.0480113636363636	0	0	0.0882102272727273	0	0	0	0	0	0	0	0	0	0	0	0	0	0	0	0	0.0365056818181818	0	0	0	0	0	0	0	0	0	0	0	0	0	0.0203125	0	0.0598011363636364	0	0	0	0	0	0	0	0	0	0	0	0	0	0	0.0190340909090909	0	0	0	0	0	0	0	0	0	0	0	0	0.0217329545454545	0	0	0.00539772727272727	0	0.04375	0	0	0	0	0	0	0	0	0	0.00894886363636364	0	0
SRR31465423	0	0	0	0	0.0170323325635104	0.293013856812933	0	0.023094688221709	0	0	0	0.0636547344110854	0	0	0	0	0	0	0	0	0	0	0	0	0	0	0	0	0	0	0	0	0	0	0.00808314087759815	0	0	0	0	0	0	0	0	0	0	0.0637990762124711	0	0	0	0	0	0	0	0.00115473441108545	0	0	0	0	0	0	0	0	0	0	0	0	0	0	0	0	0	0	0	0	0	0	0	0	0	0	0	0	0	0.0164549653579677	0	0	0	0	0	0	0	0	0	0	0	0	0	0	0	0	0	0	0	0	0.0105369515011547	0	0.0249711316397229	0	0	0	0.00952655889145496	0	0	0	0.0274249422632794	0.00981524249422633	0	0	0.340069284064665	0.0333429561200924	0	0	0.0370958429561201	0	0	0	0	0	0	0	0	0	0	0	0.0209295612009238
SRR31465434	0	0	0	0	0	0.193948562783661	0	0	0	0	0	0.0263237518910741	0	0	0	0	0	0	0.00907715582450832	0	0	0.0245083207261725	0	0	0	0	0	0	0	0	0	0	0	0	0.0125567322239032	0	0	0	0	0	0	0	0	0.0322239031770045	0	0.140847201210287	0	0	0	0	0	0	0.122087745839637	0.0048411497730711	0	0	0	0	0	0.0594553706505295	0	0	0	0	0	0	0	0	0	0	0	0.0423600605143722	0	0	0	0	0	0	0	0	0	0	0	0.00590015128593041	0	0	0	0.0384266263237519	0	0	0	0	0	0	0	0	0	0	0	0	0	0	0	0	0	0	0	0	0	0	0	0	0.0408472012102874	0	0	0	0	0	0.246596066565809	0	0	0	0	0	0	0	0	0	0	0	0	0	0	0	0
SRR31465445	0	0	0	0	0	0.211418685121107	0	0	0	0	0	0.0286043829296424	0	0	0.0119953863898501	0	0	0	0	0	0	0.0238754325259516	0	0	0	0	0	0	0	0	0	0	0	0	0	0	0	0	0	0	0	0	0	0	0	0.102537485582468	0	0	0	0	0	0	0	0	0	0	0	0	0	0	0	0	0	0	0	0.00922722029988466	0	0	0	0	0	0	0	0	0	0	0	0.00219146482122261	0	0	0	0.00334486735870819	0	0	0	0	0	0	0	0.0275663206459054	0	0	0	0	0	0	0.00807381776239908	0	0	0	0.0123414071510957	0	0.00196078431372549	0.0253748558246828	0	0	0.0445213379469435	0	0	0.0262975778546713	0.0118800461361015	0	0	0	0	0	0.00219146482122261	0	0.319261822376009	0.0529411764705882	0	0	0	0	0	0	0	0	0	0	0	0	0.0743944636678201	0	0
SRR31465456	0	0	0	0	0	0.404824331410593	0	0.0250655479811222	0.0132144729942318	0	0	0.0169900367068694	0	0	0.0228631358154169	0	0	0.00576822233875197	0	0	0	0	0	0	0	0	0	0	0	0	0	0	0	0	0.0201363398007341	0	0	0	0	0	0	0	0	0	0	0.10487676979549	0	0.0231777661248034	0	0	0	0	0	0.0119559517566859	0	0	0	0	0	0.0431043523859465	0.0105925537493445	0	0	0	0	0.00618772941793393	0	0	0	0	0	0	0.010487676979549	0	0	0	0	0	0	0	0.0149973780807551	0	0	0.0255899318300996	0	0	0	0	0	0	0	0	0	0	0	0	0	0	0	0	0	0	0	0	0.00901940220241217	0	0	0	0	0	0	0	0	0	0	0	0	0	0.138647089669638	0.0533822758259046	0	0	0	0	0	0	0	0	0	0	0	0	0.0167802831672784	0.0223387519664394	0
SRR31465467	0	0	0	0	0	0	0	0	0	0	0	0	0	0	0	0.0344287949921753	0	0	0	0	0	0	0	0	0	0	0	0	0	0	0	0	0	0.125195618153365	0.741784037558685	0	0	0	0	0	0	0	0	0.0156494522691706	0	0	0	0	0	0.02660406885759	0	0	0	0	0	0	0	0	0	0	0	0	0	0	0	0	0	0	0	0	0	0	0	0	0	0	0	0	0	0	0	0	0	0	0	0	0	0	0	0	0	0	0	0	0	0	0	0	0	0	0	0	0	0	0	0	0	0	0	0.0219092331768388	0	0.0140845070422535	0	0	0	0	0	0	0	0	0.0203442879499218	0	0	0	0	0	0	0	0	0	0	0	0	0	0
SRR31465470	0	0	0	0	0	0.425311203319502	0	0	0.0163791220790566	0	0	0	0	0	0	0	0	0	0	0	0	0	0	0	0	0	0	0	0	0	0	0	0	0	0.00797117274514086	0.00393098929897358	0	0	0	0	0	0	0	0	0	0.310002183882944	0	0	0	0	0	0	0	0	0	0	0	0	0	0	0	0	0	0	0	0	0	0	0	0	0	0	0	0	0	0	0	0	0	0	0	0	0	0	0	0	0	0	0.00174710635509937	0	0	0	0	0	0	0	0	0	0	0	0	0	0	0	0	0	0	0	0	0	0	0	0	0	0	0	0	0	0.205175802576982	0.0294824197423018	0	0	0	0	0	0	0	0	0	0	0	0	0	0	0
SRR31465471	0	0	0	0	0.0108182044267595	0.148719224073614	0	0	0.0175329520019896	0.029843322556578	0	0.0396667495647849	0	0	0	0	0	0	0	0	0	0	0	0	0	0	0	0	0	0	0	0	0	0	0.00373041531957225	0	0	0	0	0	0	0	0	0	0	0.0874160656553096	0	0.0121860233772693	0	0	0	0	0.0759761253419547	0.00522258144740114	0	0	0	0	0.0239990052225814	0	0	0	0	0	0	0	0	0	0	0	0	0	0	0	0	0	0	0	0	0.00659040039791097	0	0	0	0	0	0	0	0.0329520019895548	0	0	0	0	0	0.0645361850285999	0	0	0	0	0	0	0	0	0	0	0	0	0.038174583436956	0	0	0	0.0181546878885849	0	0	0	0	0	0	0	0.27555334493907	0.0242476995772196	0.0625466301914947	0	0	0	0	0	0	0	0	0	0	0	0	0	0.0221337975627953
SRR31465472	0	0	0	0	0	0.111766633890528	0	0.0172620998579701	0	0.0215229979241779	0	0.0320113623948432	0	0.0120179176226374	0	0	0	0	0	0	0	0.011908663826068	0	0	0	0	0	0	0	0	0	0	0	0	0.00622746640445756	0	0	0	0	0	0	0.0123456790123457	0.0168250846716923	0.0104883644706654	0	0.0585600349612149	0.0231618048727193	0.0085217961324156	0	0	0	0	0	0.00830328853927674	0	0	0	0	0	0	0	0	0	0	0	0.00513492843876325	0	0	0	0	0	0	0	0	0	0	0	0	0	0	0	0	0	0	0	0	0	0.0286244947011909	0	0	0	0	0	0.0431552496449252	0	0.0753851196329072	0	0	0	0	0	0	0	0	0.00764776575986015	0	0.0372555446301759	0	0	0	0	0	0	0	0	0	0	0	0.267344040205397	0	0.0629301868239921	0.064678247569103	0	0	0	0	0	0	0	0	0	0	0.0569212280126734	0	0
SRR31465473	0	0	0	0	0	0.134566750964994	0	0	0.0274191401570611	0	0	0.0436576600559031	0	0.00745374683881272	0	0	0	0	0	0	0	0.0131771595900439	0	0	0	0	0	0	0	0	0	0	0	0	0	0	0	0	0	0	0	0	0	0	0	0.12777851723679	0	0	0	0	0	0	0.135232264075602	0.0271529349128178	0	0	0	0	0.000931718354851591	0	0	0	0	0	0	0.00439238653001464	0	0.012777851723679	0	0	0	0	0	0	0	0	0.00479169439637961	0	0	0	0	0	0	0	0	0	0	0	0	0	0	0	0	0	0	0	0	0	0	0	0.0316784240649541	0	0	0	0	0	0.0114468255024624	0	0	0	0	0	0	0	0	0	0.0155730067882337	0	0.27086383601757	0.0753360841208572	0	0	0	0	0	0	0	0	0	0	0	0	0.0393983761480101	0	0.0163716225209637
SRR31465474	0	0	0	0	0	0.29608938547486	0	0	0	0	0	0.0405027932960894	0	0	0	0	0	0	0	0	0	0.00798084596967279	0	0	0	0	0	0	0	0	0	0	0	0	0.00798084596967279	0	0	0	0	0	0	0	0	0	0	0.069632881085395	0	0	0	0	0	0	0	0.00438946528332003	0	0	0	0	0	0	0	0	0	0	0	0	0	0	0	0	0	0	0	0	0	0	0	0	0	0	0	0	0	0	0	0	0	0	0	0.00778132482043097	0	0	0	0.0853950518754988	0	0	0	0	0	0	0	0	0	0	0	0	0	0	0	0	0	0	0	0	0	0	0	0	0.326217079010375	0	0.0684357541899441	0.0690343176376696	0	0	0	0	0	0	0	0	0	0	0	0	0.016560255387071
SRR31465475	0	0	0	0	0.0225760715454248	0.121496346384557	0	0	0	0	0	0.0323917548260443	0	0	0	0	0	0	0	0	0	0.019631366561239	0	0	0	0	0	0	0	0.0937943069036972	0	0	0	0	0	0	0	0	0	0	0	0	0	0	0	0.0733994983095212	0	0	0	0	0	0	0.10600937943069	0.0243210819064238	0	0	0	0	0	0	0.036536154433417	0	0.0368633438761043	0	0	0	0	0	0	0	0	0	0	0	0	0	0	0	0.0140691460355546	0	0	0	0	0	0	0	0	0	0	0	0	0	0	0	0	0	0	0	0	0	0	0	0.00109063147562439	0	0	0	0.0366452175809794	0	0	0	0	0	0	0	0	0	0	0	0.331879158032501	0	0.0492965426982223	0	0	0	0	0	0	0	0	0	0	0	0	0	0
SRR31465476	0	0	0	0	0	0.138567782615223	0	0	0.0240204173547515	0	0	0.128659360456388	0	0.0102086773757694	0	0	0	0	0	0	0	0.0147125056297853	0	0	0	0	0	0	0	0	0	0	0	0	0.00345293499474553	0	0	0	0	0	0	0	0	0	0	0.0831706950908272	0	0	0	0	0	0	0	0	0	0	0	0	0	0	0	0	0	0	0	0.0135114847620477	0	0	0	0	0	0	0	0	0	0	0	0	0	0	0.0612520642546164	0	0	0	0	0	0	0	0	0.0117099534604414	0	0	0	0.0481909623179703	0	0	0	0	0	0	0	0	0	0	0.00645548716408948	0	0.041885602762348	0	0	0	0	0	0	0	0	0	0	0	0.335685332532653	0.021318120402342	0.0339288395135866	0	0	0	0	0	0	0	0	0	0	0	0	0	0.0232697793124156
SRR31465477	0	0	0	0	0	0.292131488918637	0	0	0	0	0	0.047895284843076	0	0	0.0603897069760524	0	0	0	0	0	0	0	0	0	0	0	0	0	0	0	0	0	0	0	0.025286330507214	0	0	0	0	0	0	0.0165104863900045	0	0	0	0	0	0.00937081659973226	0	0	0	0.0153205414249591	0.0159155139074818	0.0407556150528038	0	0	0	0	0	0.0171054588725271	0	0	0.0148743120630671	0	0	0	0	0	0	0	0	0	0	0	0	0.0258813029897367	0	0	0	0	0	0	0	0	0	0	0.00371857801576677	0	0	0	0	0	0	0	0	0	0	0	0	0	0	0	0	0	0.0351033764688383	0	0	0.0334672021419009	0	0	0	0	0	0	0	0	0	0	0.265208984084486	0.013535623977391	0.0275174773166741	0	0	0	0	0	0	0	0	0	0	0	0.0400118994496505	0	0
SRR31465478	0	0	0	0	0	0	0.0177705977382876	0	0	0	0	0	0	0	0	0.176090468497577	0	0	0.0161550888529887	0.0726978998384491	0	0.0177705977382876	0	0	0	0.0452342487883683	0	0	0	0	0	0	0	0	0.0258481421647819	0	0	0	0	0	0	0	0	0	0	0	0	0	0	0.135702746365105	0	0	0	0	0	0	0	0	0	0	0	0	0	0	0	0	0.0177705977382876	0	0	0	0	0	0	0	0	0	0	0	0	0	0	0	0.012924071082391	0	0.0226171243941842	0	0	0.0177705977382876	0	0	0	0	0.0226171243941842	0	0	0	0.024232633279483	0	0	0	0.0387722132471729	0	0.0274636510500808	0	0	0.0290791599353796	0	0	0	0.0920840064620355	0	0.0468497576736672	0	0	0	0	0	0	0	0	0	0	0	0	0	0.0403877221324717	0	0	0	0	0	0	0.10016155088853	0	0
SRR31465479	0	0	0	0	0	0	0	0	0	0	0	0	0	0	0	0	0	0	0	0	0	0	0	0	0	0	0	0	0	0	0	1	0	0	0	0	0	0	0	0	0	0	0	0	0	0	0	0	0	0	0	0	0	0	0	0	0	0	0	0	0	0	0	0	0	0	0	0	0	0	0	0	0	0	0	0	0	0	0	0	0	0	0	0	0	0	0	0	0	0	0	0	0	0	0	0	0	0	0	0	0	0	0	0	0	0	0	0	0	0	0	0	0	0	0	0	0	0	0	0	0	0	0	0	0	0	0	0	0	0	0	0	0	0	0
SRR31465483	0	0	0	0	0.0192461908580593	0.277580478863558	0	0	0	0	0	0	0	0	0.0327643487226486	0	0	0	0	0	0	0.0169549776606713	0	0	0	0	0	0	0	0	0	0	0	0	0	0.00675907893229465	0	0	0	0	0	0	0	0	0	0.0890136327185245	0	0	0	0	0	0	0.0632374842479093	0	0	0	0	0	0	0	0	0	0	0	0	0.0148928857830221	0	0	0	0	0	0	0	0	0	0	0	0	0	0	0	0	0	0	0	0	0	0	0	0	0	0	0	0	0	0	0	0	0	0	0	0	0	0	0	0	0	0	0	0	0	0	0	0	0	0	0	0	0.363042731126131	0	0.0677053499828159	0	0.0176423416198877	0	0	0	0	0	0	0	0	0	0.0163821743613243	0	0.0147783251231527
SRR31465489	0.0181740431900791	0.0113320504596964	0	0	0	0	0.00042762454564892	0	0	0.0301475304682489	0.0221295702373316	0	0.00673508659397049	0	0	0.186230489630105	0	0	0.00203121659183237	0.00374171477442805	0.111396194141544	0	0.00940774000427625	0.0150737652341244	0	0	0	0	0	0	0	0	0.00074834295488561	0	0	0	0.00245884113748129	0	0	0.0103698952319863	0	0	0	0	0	0.00449005772931366	0	0	0	0.102202266410092	0	0	0.0491768227496258	0	0	0.00855249091297841	0	0	0	0	0	0	0	0	0	0	0	0.0128287363694676	0.0110113320504597	0.00812486636732948	0	0	0	0	0	0	0	0	0	0	0	0	0	0	0	0	0	0.0428693607013043	0	0	0	0	0.00117596750053453	0.100064143681847	0	0	0.0042762454564892	0	0	0	0.028330126149241	0.00395552704725251	0	0	0	0	0	0	0.00384862091084028	0.00449005772931366	0	0.0349583066067992	0	0	0	0	0	0	0	0	0	0	0.0155013897797734	0	0	0	0	0	0	0.00342099636519136	0.00406243318366474	0	0.114710284370323	0.0115458627325208	0
SRR31465490	0	0	0	0	0	0	0.00361596009975062	0	0	0.0112219451371571	0.00249376558603491	0	0	0	0	0.103615960099751	0	0	0	0	0	0	0	0.0103491271820449	0	0	0	0	0	0	0	0	0	0	0	0.00174563591022444	0	0	0	0	0	0	0	0	0	0.427306733167082	0	0	0	0.0326683291770574	0	0	0.0826683291770574	0	0	0	0	0	0	0	0	0	0	0	0.000623441396508728	0	0	0	0	0	0	0	0	0	0	0	0	0	0	0	0	0	0.00536159600997506	0	0	0	0	0.0501246882793017	0	0	0	0	0	0.0129675810473815	0	0	0.0422693266832918	0	0	0	0	0	0	0	0	0	0	0	0	0	0	0.00349127182044888	0	0	0	0	0.00211970074812968	0	0	0	0	0	0.159102244389027	0.00236907730673317	0	0	0	0	0	0	0.00311720698254364	0	0.0349127182044888	0.00785536159600998	0
SRR31465491	0.00581092801387684	0	0.00832610581092801	0.00971379011274935	0	0	0.018733738074588	0	0	0.0649609713790113	0.00173460537727667	0	0	0	0	0.123330442324371	0	0	0.00242844752818734	0	0	0	0	0.0191673894189072	0.0013009540329575	0.0137033824804857	0	0	0.00355594102341717	0.00598438855160451	0.00546400693842151	0	0	0	0	0.00251517779705117	0.00537727666955768	0	0	0	0	0	0	0	0	0.253252385082394	0	0	0.002081526452732	0	0.0013009540329575	0	0	0.00372940156114484	0	0	0.00693842150910668	0	0	0	0	0	0	0	0.002081526452732	0	0	0	0	0	0.00190806591500434	0	0	0	0	0	0	0	0	0	0	0	0	0	0	0	0	0.158803122289679	0	0	0	0	0.00529054640069384	0.0633998265394623	0	0	0.00416305290546401	0	0	0	0.0448395490026019	0	0	0	0	0	0	0	0	0	0	0.00485689505637467	0	0	0	0	0.0237640936686904	0	0	0	0	0	0.00511708586296618	0.00624457935819601	0.00251517779705117	0	0	0	0	0.00884648742411102	0.0224631396357329	0.00277536860364267	0.0815264527320035	0.00199479618386817	0
SRR31465492	0.00168817074641264	0	0.00277342336910648	0	0	0	0.0135053659713011	0	0	0.0274930664415772	0.00964668997950078	0	0	0	0	0.105148920776559	0	0	0	0	0.00602918123718799	0	0	0	0	0	0	0	0	0	0	0	0	0.0252019775714458	0.00277342336910648	0.003014590618594	0	0.00192933799590016	0	0	0	0	0	0	0	0	0	0	0	0.00759676835885687	0	0	0.417460508862896	0.0435306885324973	0	0	0	0.00795851923308815	0	0	0	0	0	0	0	0	0	0	0	0	0	0	0	0	0	0	0	0	0	0	0	0	0	0	0	0	0	0.0600506451223924	0	0	0	0	0	0.174002170505245	0	0	0	0	0	0	0.0194139635837453	0	0	0	0	0	0	0	0	0	0	0.00253225611961896	0	0	0	0	0.0214638852043892	0	0	0	0.00518509586398167	0	0.00506451223923791	0	0	0	0	0	0	0	0	0	0.0365368382973592	0	0
SRR31465493	0.00942967507384685	0	0.00499886389456942	0	0	0	0.00136332651670075	0	0	0.0249943194728471	0.0510111338332197	0	0	0	0	0.110315837309702	0	0	0	0.00477164280845262	0.044762553965008	0	0	0.0414678482163145	0	0.0162463076573506	0	0	0	0.0177232447171097	0	0	0	0	0	0	0	0	0	0	0	0	0	0	0	0.00863440127243808	0	0	0	0.0638491251988185	0.00852079072937969	0	0.0528289025221541	0.00363553737786867	0	0	0	0.00727107475573733	0	0	0	0	0	0	0.000795273801408771	0	0	0	0	0.00170415814587594	0	0	0	0	0	0	0	0	0	0	0	0	0.0028402635764599	0	0.00124971597364235	0	0	0.0740740740740741	0	0	0.00329470574869348	0	0.00215860031810952	0.0415814587593729	0.0122699386503067	0	0.129516019086571	0.017496023630993	0.0082935696432629	0	0.064871620086344	0	0	0	0	0	0	0	0	0	0	0.059986366734833	0	0	0	0	0.0140877073392411	0	0	0	0	0	0.0240854351283799	0.00840718018632129	0	0	0	0	0	0	0	0	0.0561236082708475	0.0053396955237446	0
SRR31465494	0	0	0	0	0.0164877300613497	0.232617586912065	0	0.00843558282208589	0	0	0	0.0323364008179959	0	0.0157208588957055	0	0	0	0.0103527607361963	0	0	0	0.0081799591002045	0	0	0	0	0	0	0	0	0	0	0	0	0.00306748466257669	0	0	0	0	0	0	0	0	0	0	0.0545756646216769	0	0.0111196319018405	0	0	0	0	0	0.0368098159509202	0	0	0.0237730061349693	0	0.0315695296523517	0	0	0	0.0143149284253579	0	0	0.00396216768916155	0	0	0	0	0	0	0	0	0	0	0	0	0	0.00869120654396728	0	0	0	0	0	0	0	0	0	0	0	0.00894683026584867	0	0	0	0	0	0	0	0	0	0	0	0	0	0	0	0	0	0	0	0	0	0	0	0	0	0	0.311477505112474	0.0306748466257669	0.0940695296523517	0	0	0	0	0	0	0	0	0	0	0	0.0428169734151329	0	0
SRR31465495	0	0	0	0	0	0	0	0	0	0.0827067669172932	0	0	0	0	0	0	0	0	0.0155075187969925	0	0	0	0	0	0	0	0	0	0	0	0	0	0	0.0728383458646617	0.0056390977443609	0	0	0	0	0	0	0	0	0	0	0.0343045112781955	0	0	0	0	0	0	0.242481203007519	0.0488721804511278	0	0	0	0	0	0	0	0	0	0	0	0.0695488721804511	0	0	0	0	0	0	0	0	0	0	0	0	0	0	0	0	0	0	0	0	0	0	0	0	0	0	0	0.0789473684210526	0	0	0.00657894736842105	0	0	0	0.0944548872180451	0	0	0	0	0	0	0	0	0	0	0	0	0	0	0	0.0164473684210526	0	0	0	0.151785714285714	0	0	0	0	0	0	0	0	0	0	0	0.0798872180451128	0	0
SRR31465496	0.00318627450980392	0	0	0	0	0	0.00367647058823529	0	0	0.0759803921568627	0	0	0	0	0	0.0878676470588235	0	0	0	0	0.00894607843137255	0	0	0.0587009803921569	0	0.0647058823529412	0	0	0	0	0	0	0	0	0	0.00367647058823529	0.00269607843137255	0	0	0	0	0	0	0.0174019607843137	0.0284313725490196	0.0420343137254902	0	0	0	0.0116421568627451	0.00894607843137255	0	0.0613970588235294	0.0558823529411765	0	0	0	0	0	0	0	0	0	0	0	0	0	0	0	0	0.0106617647058824	0	0	0	0	0	0	0	0	0	0	0	0	0	0.00575980392156863	0	0	0.0817401960784314	0	0	0	0	0.0258578431372549	0.0811274509803922	0	0	0.0861519607843137	0.0079656862745098	0	0.00441176470588235	0.0383578431372549	0	0	0	0	0	0	0	0	0	0	0.00759803921568627	0	0	0	0	0.00416666666666667	0	0	0	0	0	0.0126225490196078	0.00477941176470588	0	0	0	0.00919117647058824	0	0	0	0	0.0736519607843137	0.0107843137254902	0
SRR31465497	0.00832163625426108	0	0	0	0	0	0.0219570884299178	0	0	0.0247643874072589	0.00260677762181672	0	0	0	0	0.166733507118508	0.00150391016643273	0	0	0	0.0238620413073992	0	0	0	0	0	0.0129336274313214	0	0	0.0157409264086625	0	0	0	0	0	0	0	0	0	0	0.0038099057549629	0	0	0	0.0122318026869862	0.388911169039503	0	0	0	0.0376980148385803	0.00842189693202326	0	0.0301784640064167	0.0194505714858632	0	0	0	0	0	0	0	0.00802085422097453	0	0	0	0	0	0	0	0	0	0	0	0	0	0	0	0	0	0	0	0	0.0108281531983156	0	0	0.00210547423300582	0	0.0332865450170443	0	0	0.00641668337677963	0	0	0.0299779426508923	0	0	0.0337878484058552	0	0	0	0.0160417084419491	0	0	0	0	0	0	0	0	0	0	0.00741929015440144	0	0	0	0	0	0	0	0	0.00260677762181672	0	0	0	0.000701824744335272	0.00240625626629236	0	0	0	0	0	0	0.061259274112693	0.0060156406657309	0
SRR31465505	0	0	0	0	0	0.271465938814966	0	0.0238826339133402	0.0290003411804845	0	0	0.0550437848288411	0	0	0	0	0	0	0	0	0	0	0	0	0	0	0	0	0	0	0	0	0	0	0	0	0	0	0	0	0	0	0	0	0	0.0524280677811896	0	0.0179688388490845	0	0	0	0	0	0.00398043898555669	0	0	0	0	0	0	0	0	0	0	0	0.0291140680086432	0	0	0	0	0.0260434436483566	0	0	0	0	0	0	0	0	0	0	0	0	0	0	0	0	0.0355964972136927	0	0	0	0	0	0	0	0	0	0	0	0	0	0	0	0	0	0	0.0501535312180143	0	0	0	0	0	0	0	0	0	0	0	0.27851700216081	0.0951893551688843	0	0	0	0	0	0	0	0	0	0	0	0	0.00784715114295462	0	0.0237689070851814
SRR31465507	0	0	0	0	0	0.171229586935639	0	0	0	0	0	0	0	0	0	0	0	0	0	0	0	0	0	0.38016330451489	0	0	0	0	0	0	0	0	0	0	0.0292987512007685	0	0	0	0	0	0	0	0	0	0	0.319284341978866	0	0	0	0	0	0	0	0.0117675312199808	0	0	0	0	0	0	0	0	0	0	0	0.0491114313160423	0	0	0	0	0	0	0	0	0	0	0	0	0	0	0	0	0	0	0	0	0	0	0	0	0	0	0	0	0	0	0	0	0	0	0	0	0	0	0.0301392891450528	0	0	0	0	0	0	0	0	0	0	0	0	0	0	0	0	0	0	0	0	0	0	0	0	0	0	0	0.00900576368876081	0	0
SRR31465508	0	0	0	0	0	0	0	0	0	0	0	0	0	0	0	0	0	0	0	0	0	0	0	0	0	0	0	0	0	0	0	0	0	0	0.0456597446149877	0	0	0	0.000386946988262608	0	0	0	0	0	0	0.892815684251258	0	0	0	0	0	0	0	0	0	0	0	0	0	0	0	0	0	0	0	0	0	0	0	0	0	0	0	0	0	0	0	0	0	0	0	0	0	0	0	0	0	0	0	0	0	0	0	0	0	0	0	0	0	0	0	0	0	0	0	0	0	0	0	0	0	0	0	0	0	0	0	0	0	0	0.045401779956146	0	0	0	0	0	0	0	0.0157358441893461	0	0	0	0	0	0
