ID	Description	setSize	enrichmentScore	NES	pvalue	p.adjust	qvalue	rank	leading_edge	core_enrichment	log2err
HALLMARK_INTERFERON_GAMMA_RESPONSE	HALLMARK_INTERFERON_GAMMA_RESPONSE	200	0.649795769996225	3.08012824380201	1e-10	5e-10	1.26315789473684e-10	3885	tags=64%, list=18%, signal=53%	IFI27/LGALS3BP/PSMA3/PSMB2/RTP4/SPPL2A/CFB/NAMPT/GZMA/GBP6/LY6E/HLA-DQA1/GCH1/VCAM1/SOD2/IL4R/IL10RA/ST8SIA4/PNP/CXCL9/IRF8/HLA-DMA/CCL5/CSF2RB/IL15/PSME2/HLA-DRB1/SLAMF7/PSMA2/CXCL10/PSMB10/TRIM14/PARP14/ISG20/CDKN1A/IRF9/EPSTI1/MYD88/PSME1/CD274/LCP2/CD40/IRF7/GPR18/CCL2/PSMB9/STAT3/CD74/HLA-G/ICAM1/CMPK2/HERC6/IRF1/CXCL11/CASP1/UBE2L6/TAPBP/KLRK1/IFI44/TNFSF10/IFNAR2/APOL6/MX1/BST2/XAF1/CIITA/TMT1B/PLSCR1/IFI30/OAS3/OAS2/SELP/STAT1/OASL/PARP12/LAP3/IFITM3/WARS1/SOCS3/IDO1/PML/IL18BP/MARCHF1/PFKP/USP18/HLA-B/FCGR1A/NMI/UPP1/C1S/SOCS1/OGFR/C1R/CD69/CD38/CASP8/B2M/PNPT1/TNFAIP2/STAT4/GBP4/TAP1/ISOC1/BATF2/PSMB8/CD86/IFI44L/XCL1/VAMP8/CCL7/IFITM2/FPR1/SP110/IFI35/HLA-A/IFIT3/RSAD2/ZBP1/TRIM21/NLRC5/CASP4/ZNFX1/MTHFD2/MX2/ISG15/IFIH1/SAMD9L	NA
HALLMARK_OXIDATIVE_PHOSPHORYLATION	HALLMARK_OXIDATIVE_PHOSPHORYLATION	199	0.63812417412468	3.01696796162662	1e-10	5e-10	1.26315789473684e-10	4041	tags=67%, list=18%, signal=55%	SLC25A5/ALAS1/NDUFA9/CYCS/MRPL15/GPI/SDHD/MRPS11/ACADVL/COX5A/ATP5MC3/UQCRC2/ATP6V0E1/ATP6V1G1/IDH2/ATP5MF/ATP5F1B/GRPEL1/ATP6V0B/FXN/ATP6V0C/MRPS12/HSPA9/COX7B/MRPS15/OXA1L/UQCR10/ACAA2/IMMT/IDH1/SLC25A3/ATP5PB/NDUFS2/HCCS/VDAC1/UQCRH/ATP5PF/TIMM50/NDUFS7/PDHA1/NDUFV1/SDHB/ECH1/COX8A/MDH2/POR/TOMM22/HSD17B10/ATP5F1A/DECR1/IDH3B/SLC25A11/PHB2/DLD/RHOT2/PMPCA/AIFM1/NDUFS3/CYC1/UQCRQ/SDHC/SLC25A6/ACADM/NDUFB8/FH/HADHB/CYB5A/UQCRFS1/NDUFS8/COX10/ETFDH/ACAA1/NDUFS6/TIMM17A/DLAT/ATP5F1D/NDUFA6/NDUFAB1/PDHB/CS/COX6A1/NDUFC2/ACO2/NDUFA3/ATP5MG/NDUFS1/NDUFV2/GPX4/MDH1/LDHB/TOMM70/UQCRC1/COX6B1/COX5B/TIMM10/LDHA/SUCLG1/NQO2/NDUFA2/TCIRG1/NDUFB4/COX6C/VDAC2/MRPL35/SLC25A20/GOT2/ATP5PD/NDUFA1/ECHS1/ATP5F1C/MPC1/ATP5ME/ATP5F1E/ATP6V1C1/ISCU/UQCR11/NDUFB3/SURF1/COX4I1/COX7C/PRDX3/TIMM8B/PDHX/ECI1/ATP5MC1/TIMM13/SDHA/NDUFA8/LRPPRC/IDH3A/VDAC3/NDUFA7/MRPS22	NA
HALLMARK_ALLOGRAFT_REJECTION	HALLMARK_ALLOGRAFT_REJECTION	200	0.601057354499006	2.84910093174054	1e-10	5e-10	1.26315789473684e-10	3286	tags=55%, list=15%, signal=47%	FYB1/CD2/TLR2/CD3G/CCL19/LTB/CDKN2A/CD3D/WAS/UBE2D1/HCLS1/CD247/SIT1/GZMA/ITK/PTPRC/HLA-DQA1/IFNGR1/TRAT1/HLA-DOB/HLA-DRA/GZMB/MRPL3/CCR5/IL4R/IL2RG/ST8SIA4/CD96/MMP9/CCR2/IL27RA/CD40LG/CXCL9/IRF8/CXCL13/HLA-DMA/CCL5/IL15/SRGN/MAP4K1/IL12RB1/FASLG/HLA-DOA/PSMB10/GPR65/ITGB2/IFNGR2/CTSS/LCK/CD8A/CCL4/IGSF6/ITGAL/LCP2/CD28/MTIF2/CD40/IRF7/FGR/CCL2/CD4/NCF4/CD74/HLA-G/HLA-DMB/ICAM1/PRF1/C2/CRTAM/UBE2N/IL18RAP/TNF/TAPBP/IL2RA/IFNAR2/IL1B/EIF5A/TAP2/CD3E/CSK/STAT1/WARS1/LY86/CD7/NLRP3/CCL22/TLR1/CD80/ZAP70/LYN/ETS1/SOCS1/B2M/TLR6/IFNG/CCR1/STAT4/NME1/TAP1/CD86/KLRD1/CCL7/IL12B/CSF1/CFP/STAB1/CCND3/HLA-A/CD1D/BCL3	NA
HALLMARK_INTERFERON_ALPHA_RESPONSE	HALLMARK_INTERFERON_ALPHA_RESPONSE	97	0.660078883040335	2.83953544796049	1e-10	5e-10	1.26315789473684e-10	3885	tags=69%, list=18%, signal=57%	IFI27/LGALS3BP/PSMA3/RTP4/NCOA7/CNP/LY6E/IL4R/IL15/PSME2/IFITM1/CXCL10/TRIM14/OAS1/SELL/PARP14/ISG20/IRF9/EPSTI1/PSME1/IRF7/PSMB9/CD74/CMPK2/PARP9/HERC6/IRF1/CXCL11/CASP1/UBE2L6/IFI44/MX1/BST2/PLSCR1/IFI30/LAMP3/OASL/PARP12/LAP3/IFITM3/WARS1/SAMD9/HLA-C/USP18/NMI/CCRL2/C1S/OGFR/CASP8/B2M/PNPT1/GBP4/TAP1/BATF2/PSMB8/IFI44L/IFITM2/CSF1/SP110/IFI35/IFIT3/RSAD2/TRIM21/ISG15/UBA7/IFIH1/SAMD9L	NA
HALLMARK_MTORC1_SIGNALING	HALLMARK_MTORC1_SIGNALING	200	0.574134912425426	2.72148456664256	1e-10	5e-10	1.26315789473684e-10	4063	tags=60%, list=18%, signal=49%	CTSC/PSMC4/CXCR4/RAB1A/PSMA3/TPI1/HK2/ENO1/XBP1/PSMA4/ME1/PSME3/NAMPT/ALDOA/PIK3R3/HSPA5/GPI/ERO1A/AURKA/PNP/ACTR2/CORO1A/GOT1/PSMD12/HMGCR/HSPA9/HMGCS1/SC5D/SLC7A5/RDH11/PSPH/IMMT/IDH1/PSMB5/ITGB2/DDX39A/PGK1/TFRC/TXNRD1/CCNF/CANX/CDKN1A/ABCF2/YKT6/TOMM40/HSP90B1/HSPA4/ELOVL5/HMBS/LDLR/SCD/DAPP1/EBP/ACLY/CTH/DHCR7/PGM1/G6PD/INSIG1/MCM2/TM7SF2/GLA/SLC2A3/PSMD13/IDI1/STARD4/TMEM97/TUBG1/RRM2/CCT6A/ATP2A2/SERP1/MLLT11/ADIPOR2/SRD5A1/IFI30/SLA/MAP2K3/LGMN/ARPC5L/DHFR/NFIL3/WARS1/RPN1/IFRD1/SDF2L1/DDIT4/NFKBIB/LDHA/FADS1/CALR/PSMC6/GAPDH/CYP51A1/ACACA/NMT1/PSMC2/HSPD1/EDEM1/STIP1/SQSTM1/POLR3G/CFP/FADS2/PPA1/GLRX/UBE2D3/HSPE1/MTHFD2/CCNG1/ATP5MC1/PSMD14/TBK1/BUB1/SSR1/M6PR/SORD/NHERF1/PPIA	NA
HALLMARK_INFLAMMATORY_RESPONSE	HALLMARK_INFLAMMATORY_RESPONSE	200	0.525977209824871	2.49320991976782	1e-10	5e-10	1.26315789473684e-10	3153	tags=47%, list=14%, signal=41%	PTPRE/TLR2/MXD1/FZD5/HBEGF/RTP4/SLC31A1/PTAFR/CCL20/NAMPT/IL7R/CD48/SLC11A2/LY6E/GCH1/IL4R/IL10RA/GABBR1/CCL17/TNFRSF1B/CD82/CXCL9/TPBG/SLAMF1/CCL5/KCNA3/NDP/IL15/TNFRSF9/CXCR6/ADRM1/IFITM1/GPR183/CXCL10/CCR7/OSMR/SELL/IFNGR2/LCK/SPHK1/CDKN1A/TNFSF15/LDLR/LCP2/CD40/IRF7/CD14/CCL2/RGS1/ICAM1/IRF1/CXCL11/SELENOS/IL18RAP/CX3CL1/TAPBP/TNFSF10/IL1B/BST2/PLAUR/ATP2A2/PIK3R5/PDPN/RGS16/LAMP3/IL18R1/CSF3R/CYBB/SLC31A2/NLRP3/CCL22/NOD2/EBI3/TLR1/SELE/LYN/NMI/CCRL2/PTGER4/C3AR1/CD69/SLC7A2/CALCRL/AHR/ROS1/MSR1/FFAR2/CCL7/FPR1/IL12B/CSF1/CXCL8/STAB1/SCARF1	NA
HALLMARK_IL6_JAK_STAT3_SIGNALING	HALLMARK_IL6_JAK_STAT3_SIGNALING	87	0.591174787870072	2.49293397726038	1e-10	5e-10	1.26315789473684e-10	3025	tags=48%, list=14%, signal=42%	IL13RA1/HMOX1/TLR2/LTB/CD36/IFNGR1/IL4R/IL2RG/TNFRSF1B/CXCL9/CXCL13/CSF2RB/IL12RB1/CSF2RA/CXCL10/OSMR/IFNGR2/IRF9/TNFRSF21/MYD88/CD14/STAT3/IRF1/CXCL11/TNF/IL2RA/IL1B/PIK3R5/STAT1/IL18R1/BAK1/CSF3R/SOCS3/EBI3/ITGA4/SOCS1/CD38/IL3RA/CRLF2/CCR1/CCL7/CSF1	NA
HALLMARK_FATTY_ACID_METABOLISM	HALLMARK_FATTY_ACID_METABOLISM	158	0.508347443666757	2.33560098047788	1e-10	5e-10	1.26315789473684e-10	3457	tags=47%, list=16%, signal=40%	ALDH1A1/VNN1/TP53INP2/ACSL5/RDH16/ME1/ALDOA/CD36/SDHD/ACADVL/CIDEA/HMGCS1/RDH11/ACAA2/IDH1/HCCS/GLUL/ELOVL5/PDHA1/PSME1/ECH1/ACAT2/MDH2/HSD17B10/DECR1/IDH3B/DLD/ACSM3/H2AZ1/SDHC/NSDHL/ACADM/FH/UBE2L6/HADHB/ETFDH/IDI1/IL4I1/ACOT2/ACAA1/CPT2/CRAT/ADIPOR2/ACSL4/FASN/PDHB/NBN/UROS/GSTZ1/ACO2/CA6/ACADS/ACSL1/MDH1/LDHA/SUCLG1/MLYCD/HMGCL/GPD1/REEP6/RAP1GDS1/EPHX1/METAP1/HAO2/BCKDHB/HSD17B7/CPOX/ECHS1/TDO2/HSD17B4/CD1D/GCDH/HADH/YWHAH/OSTC	NA
HALLMARK_XENOBIOTIC_METABOLISM	HALLMARK_XENOBIOTIC_METABOLISM	200	0.472453116992158	2.23949778794081	1e-10	5e-10	1.26315789473684e-10	3190	tags=36%, list=14%, signal=32%	HSD17B2/CYFIP2/HMOX1/VNN1/PGD/CNDP2/ARG2/XDH/CYP4F2/PPARD/ALAS1/SMOX/SLC35B1/CFB/PTGDS/LPIN2/CYP27A1/GCH1/CD36/NPC1/IRF8/KYNU/ACP1/FBP1/SERTAD1/ASL/AHCY/SSR3/IDH1/PSMB10/GART/PC/SLC46A3/ELOVL5/ECH1/FMO3/NQO1/MCCC2/POR/CYB5A/COMT/ACP2/ETFDH/PAPSS2/TMEM97/CYP2S1/ATP2A2/ARG1/PGRMC1/TMEM176B/ACO2/PTGR1/GCKR/TMBIM6/ACOX2/BLVRB/DDT/UPP1/ITIH4/HACL1/NMT1/EPHX1/LONP1/ACOX3/HRG/DCXR/UPB1/APOE/CROT/TDO2/ALDH2/G6PC1/AP4B1	NA
HALLMARK_ADIPOGENESIS	HALLMARK_ADIPOGENESIS	200	0.456473672096216	2.16375285112081	1e-10	5e-10	1.26315789473684e-10	3559	tags=43%, list=16%, signal=36%	NABP1/SLC5A6/SQOR/ME1/MTCH2/ALDOA/MRPL15/TALDO1/TST/UCP2/CD36/IFNGR1/ANGPTL4/AK2/TKT/MIGA2/LPCAT3/CHCHD10/GRPEL1/PPARG/CIDEA/COX7B/GPX3/UQCR10/ACAA2/IMMT/IDH1/SAMM50/ESRRA/DNAJB9/SDHB/ECH1/COX8A/MDH2/PLIN2/POR/ACLY/DECR1/DLD/DHCR7/AIFM1/NDUFS3/CYC1/UQCRQ/SDHC/PGM1/ACADM/ITGA7/AGPAT3/CPT2/CRAT/ADIPOR2/DLAT/NDUFAB1/PREB/CS/COX6A1/TANK/MCCC1/ACO2/COQ9/ACADS/MRAP/GPX4/GADD45A/UQCRC1/SUCLG1/GHITM/DDT/SLC19A1/FZD4/NMT1/REEP6/DHRS7B/APOE/ECHS1/DRAM2/DNAJC15/ALDH2/UQCR11/SLC25A1/HADH/C3/PPM1B/SCARB1/PRDX3	NA
HALLMARK_MYC_TARGETS_V2	HALLMARK_MYC_TARGETS_V2	58	0.54245104138324	2.10712834033267	6.50965665932562e-06	2.16988555310854e-05	5.48181613416894e-06	4081	tags=45%, list=18%, signal=37%	HK2/NOP16/NOLC1/AIMP2/IMP4/SRM/NDUFAF4/PHB1/TMEM97/MCM5/NOP2/SLC19A1/MYBBP1A/FARSA/HSPD1/BYSL/PPAN/GNL3/PUS1/MRTO4/HSPE1/PRMT3/RRP12/SORD/NIP7/DCTPP1	0.610526878385931
HALLMARK_MYC_TARGETS_V1	HALLMARK_MYC_TARGETS_V1	200	0.437874356498642	2.07558933893326	3.34089345024048e-10	1.51858793192749e-09	3.8364326701326e-10	4489	tags=42%, list=20%, signal=34%	KPNA2/PSMC4/EIF4E/PSMB3/PSMB2/UBE2L3/PSMA4/EIF4A1/C1QBP/ILF2/PABPC1/COX5A/NOP16/YWHAQ/NOLC1/ACP1/RAN/PSMA2/AIMP2/PSMA7/SLC25A3/SF3B3/PGK1/VDAC1/SNRPA1/CANX/CCT5/CDC45/SRM/MCM6/SSBP1/PSMD1/PSMA1/PHB2/MAD2L1/H2AZ1/EIF3B/CSTF2/CYC1/MCM2/CDC20/PCNA/PHB1/EIF4H/NCBP1/NDUFAB1/RANBP1/CTPS1/TCP1/TYMS/IFRD1/SNRPA/PSMD3/TOMM70/LDHA/MCM5/PPM1G/PSMD7/PSMC6/GSPT1/HSPD1/PSMD8/GOT2/NME1/EIF2S1/HNRNPD/STARD7/CCNA2/GNL3/PRDX3/CCT3/HSPE1/PSMD14/NHP2/VDAC3/PPIA/TXNL4A/EIF2S2/APEX1/RUVBL2/SRSF7/CCT7/HNRNPA3/PSMA6/MCM7	0.814035837847908
HALLMARK_COMPLEMENT	HALLMARK_COMPLEMENT	200	0.43519401768743	2.06288413576547	5.33354088031625e-10	2.22230870013177e-09	5.61425355822764e-10	2093	tags=32%, list=9%, signal=29%	S100A9/KIF2A/CTSB/ATOX1/CTSC/DUSP6/LTF/WAS/CFB/ME1/PFN1/GZMA/HSPA5/SPOCK2/CTSH/CTSV/CD36/PLA2G7/DUSP5/GZMB/MSRB1/APOBEC3G/CD40LG/CCL5/PPP4C/KYNU/RABIF/MMP12/LAMP2/CTSL/CTSS/LCK/CTSD/LIPA/GZMK/LCP2/GNGT2/IRF7/S100A12/APOC1/ITGAM/PLEK/CALM3/SH2B3/PSMB9/C2/DOCK10/IRF1/CASP1/C1QC/FCER1G/PLAUR/CD46/PIK3R5/PLSCR1/LGMN/CASP5/F8/SERPINA1/NOTCH4/LAP3/PIK3CG/C1QA	0.801215574617779
HALLMARK_UV_RESPONSE_DN	HALLMARK_UV_RESPONSE_DN	143	-0.510018870884152	-1.99305290983913	2.970319566705e-08	1.14243060257884e-07	2.88614046967287e-08	4167	tags=44%, list=19%, signal=36%	ADORA2B/NEK7/SCHIP1/COL1A2/PTGFR/PTEN/MT1E/COL3A1/COL1A1/MTA1/TOGARAM1/NR1D2/FYN/ATXN1/ERBB2/APBB2/PIAS3/SNAI2/SDC2/DLC1/LPAR1/ARHGEF9/RASA2/TGFBR3/IGFBP5/AKT3/BMPR1A/MMP16/PMP22/MIOS/NOTCH2/PDLIM5/PRKCA/DBP/PLCB4/SPOP/DLG1/ADD3/NFIB/ATRX/IGF1R/SCAF8/KIT/SYNE1/CAV1/EFEMP1/ATP2B1/PHF3/SMAD3/MAP1B/DYRK1A/ACVR2A/ANXA4/CDON/ATP2B4/YTHDC1/RXRA/CDC42BPA/NR3C1/DUSP1/MET/F3/PTPN21	0.73376198835648
HALLMARK_REACTIVE_OXYGEN_SPECIES_PATHWAY	HALLMARK_REACTIVE_OXYGEN_SPECIES_PATHWAY	49	0.516957478538351	1.9825115313906	0.000116434079575392	0.000296754313678769	7.496951082411e-05	3553	tags=45%, list=16%, signal=38%	HMOX2/ATOX1/SRXN1/GCLM/SOD2/MGST1/GPX3/ABCC1/NDUFS2/TXNRD1/NQO1/SBNO2/G6PD/SELENOS/IPCEF1/NDUFA6/GPX4/PFKP/NDUFB4/TXN/GLRX/PRDX2	0.538434096309916
HALLMARK_UV_RESPONSE_UP	HALLMARK_UV_RESPONSE_UP	158	0.386311025521634	1.77490498126557	4.88839229710505e-06	1.74585439182323e-05	4.41057951618501e-06	3258	tags=33%, list=15%, signal=28%	PPIF/HMOX1/AP2S1/ALAS1/ALDOA/TST/CNP/GCH1/CTSV/SOD2/BID/RRAD/CREG1/FURIN/GRPEL1/MGAT1/GPX3/TFRC/YKT6/EIF5/POLR2H/BSG/H2AX/RAB27A/DNAJA1/ICAM1/IRF1/TARS1/PSMC3/ACAA1/SPR/BCL2L11/CDC34/BAK1/CCNE1/RPN1/APOM/HLA-F/TMBIM6/LYN/FEN1/CHRNA5/EPHX1/STIP1/TAP1/ARRB2/SQSTM1/GAL/KCNH2/CCND3/ATP6V1C1/CXCL2	0.610526878385931
HALLMARK_EPITHELIAL_MESENCHYMAL_TRANSITION	HALLMARK_EPITHELIAL_MESENCHYMAL_TRANSITION	200	-0.426032674147525	-1.73727003277442	1.32080863583164e-05	3.88473128185775e-05	9.81405797521959e-06	5439	tags=48%, list=25%, signal=37%	MMP2/SPOCK1/PCOLCE/THBS2/MATN3/LUM/HTRA1/LRP1/INHBA/SLIT2/VCAN/FBN1/IGFBP3/SFRP1/CCN1/COL5A2/GPX7/ECM1/FSTL3/MGP/GREM1/GEM/FN1/CD44/FSTL1/PLOD3/DPYSL3/ACTA2/TAGLN/ABI3BP/LAMC1/CCN2/FAS/COL16A1/ELN/COL1A2/CALD1/COL3A1/COPA/CALU/COL1A1/SLIT3/COL8A2/TIMP3/SERPINH1/MYL9/EFEMP2/LOX/SDC1/FZD8/TPM2/SNAI2/COL5A1/FERMT2/SGCG/ECM2/FBLN2/SPARC/PDLIM4/MSX1/TGFBR3/DCN/MXRA5/COL7A1/PMP22/PLOD1/NOTCH2/ITGB1/EDIL3/SGCD/FBLN1/LAMC2/GPC1/CADM1/GAS1/CRLF1/ITGAV/ITGA2/SLC6A8/MFAP5/BGN/ITGB5/SGCB/MAGEE1/COL5A3/SDC4/ID2/TGFBI/MATN2/PCOLCE2/NTM/RHOB/SNTB1/DST/LAMA3/POSTN	0.593325476396405
HALLMARK_GLYCOLYSIS	HALLMARK_GLYCOLYSIS	200	0.359404293373688	1.70362961114756	8.52217697667891e-06	2.66318030521216e-05	6.72803445527282e-06	2424	tags=30%, list=11%, signal=27%	KIF2A/IL13RA1/PSMC4/CXCR4/PGAM1/TPI1/HK2/ENO1/GMPPB/ME1/ALDOA/TALDO1/DSC2/CHST6/HSPA5/ERO1A/AURKA/ANGPTL4/CHST1/TPBG/GOT1/IDH1/PGK1/ISG20/PC/COPB2/HOMER1/MDH2/SRD5A3/ALDH7A1/SOX9/CTH/DLD/KIF20A/AKR1A1/NDUFV3/SDHC/NSDHL/TGFA/G6PD/AK3/PMM2/CYB5A/B3GNT3/SLC16A3/SPAG4/FAM162A/PKP2/QSOX1/IER3/MERTK/ELF3/GPR87/MDH1/PFKP/GALE/NASP/STMN1/DDIT4/LDHA	0.593325476396405
HALLMARK_CHOLESTEROL_HOMEOSTASIS	HALLMARK_CHOLESTEROL_HOMEOSTASIS	74	0.41213927203316	1.67879001432765	0.000593602919642886	0.00134909754464292	0.000340824642857159	4214	tags=53%, list=19%, signal=43%	FABP5/ETHE1/PPARG/HMGCR/HMGCS1/SC5D/GLDC/CXCL16/ECH1/LDLR/SCD/FDPS/ACAT2/EBP/FBXO6/DHCR7/NSDHL/TM7SF2/IDI1/STARD4/TMEM97/PLAUR/PMVK/PLSCR1/LGMN/FASN/NFIL3/MVK/CYP51A1/ACSS2/FDFT1/HSD17B7/FADS2/S100A11/PCYT2/ALCAM/MVD/TNFRSF12A/CLU	0.477270815362862
HALLMARK_IL2_STAT5_SIGNALING	HALLMARK_IL2_STAT5_SIGNALING	199	0.35078751780491	1.65847768423386	2.03136168651571e-05	5.64267135143252e-05	1.42551697299348e-05	3025	tags=35%, list=14%, signal=30%	MXD1/LTB/HK2/SPP1/XBP1/CD48/HIPK2/CKAP4/IFNGR1/BATF/IL4R/IL10RA/TNFRSF1B/CD83/PNP/IRF8/FURIN/TNFRSF9/ADAM19/CST7/AHCY/CXCL10/GPR65/CISH/SELL/RHOH/PTRH2/ICOS/TNFRSF21/TRAF1/NFKBIZ/PLIN2/TNFRSF4/ETV4/CTLA4/EOMES/IL2RA/TNFSF10/SLC2A3/PLSCR1/UMPS/CDC6/RGS16/SELP/NFIL3/IL18R1/IFITM3/CCNE1/HYCC2/PENK/CD79B/GPX4/PDCD2L/SLC39A8/BATF3/BCL2L1/TNFSF11/NOP2/SOCS1/TGM2/TLR7/IL3RA/AHR/NRP1/TTC39B/GBP4/CTSZ/CD86/CSF1	0.575610261071129
HALLMARK_PEROXISOME	HALLMARK_PEROXISOME	104	0.367137657731691	1.61734451442738	0.00147193096305461	0.00306652283969711	0.000774700506870848	4417	tags=38%, list=20%, signal=30%	ALDH1A1/ACSL5/PABPC1/SOD2/GSTK1/IDH2/RDH11/FABP6/IDH1/ELOVL5/ECH1/FDPS/CRABP2/ERCC1/IDI1/ACAA1/CRAT/ACSL4/CTPS1/ACSL1/FADS1/MLYCD/HMGCL/PEX13/TOP2A/HAO2/ISOC1/SULT2B1/SLC25A19/PEX11A/HSD17B4/YWHAH/NUDT19/ECI2/ABCD1/SERPINA6/SLC25A17/GNPAT/LONP2	0.45505986738723
HALLMARK_MITOTIC_SPINDLE	HALLMARK_MITOTIC_SPINDLE	198	-0.39400621284087	-1.60474346823278	0.000118701725471508	0.000296754313678769	7.496951082411e-05	4433	tags=33%, list=20%, signal=27%	SMC3/MARK4/SOS1/DYNLL2/CEP192/TRIO/PCNT/KIF22/KLC1/PCGF5/EZR/NET1/NF1/TAOK2/HDAC6/RABGAP1/ARHGAP29/RICTOR/ITSN1/TUBGCP3/TIAM1/WASF2/SMC1A/VCL/RASA2/CD2AP/CEP72/ARHGEF7/CLIP1/FLNB/NOTCH2/LATS1/PDLIM5/CLASP1/UXT/ABR/CLIP2/PCM1/DLG1/TUBA4A/PKD2/RASA1/ARF6/FGD4/AKAP13/GEMIN4/NIN/SPTBN1/ACTN4/DYNC1H1/APC/NUMA1/ARL8A/CSNK1D/RASAL2/ARHGEF12/ARHGAP5/PAFAH1B1/KIF5B/TLK1/CDC42BPA/RAB3GAP1/RALBP1/HOOK3/DST/SPTAN1	0.538434096309916
HALLMARK_E2F_TARGETS	HALLMARK_E2F_TARGETS	199	0.33268059898838	1.57287053100513	0.000165002882886447	0.000392864006872492	9.92498543677874e-05	4649	tags=41%, list=21%, signal=32%	KPNA2/UBE2S/CDKN2A/AURKA/GINS4/HMGB3/AK2/NOLC1/RAN/TK1/DDX39A/TFRC/EZH2/CDKN1A/MCM6/GINS3/ORC6/H2AX/HMGA1/MAD2L1/H2AZ1/BIRC5/PTTG1/CKS2/RPA3/MELK/KIF2C/MCM2/TIMELESS/SNRPB/CDC20/PCNA/HUS1/TUBG1/RRM2/MLH1/RANBP1/NBN/CTPS1/DNMT1/CCNE1/NASP/STMN1/CDCA8/CCNB2/MCM5/SPC25/GSPT1/TOP2A/TACC3/DLGAP5/E2F8/AURKB/NME1/TRIP13/EIF2S1/HNRNPD/BUB1B/LMNB1/POLE4/ASF1B/RNASEH2A/RAD51AP1/UBE2T/CDKN3/MKI67/MTHFD2/CHEK2/HELLS/LYAR/MYBL2/CDCA3/DCTPP1/CDC25B/CDK1/CIT/MCM7/HMMR/KIF18B/SPAG5/PLK1	0.518848077743792
HALLMARK_WNT_BETA_CATENIN_SIGNALING	HALLMARK_WNT_BETA_CATENIN_SIGNALING	42	-0.473167878167161	-1.55054897760139	0.0147507218181958	0.0230480028409309	0.00582265334928781	5123	tags=48%, list=23%, signal=37%	HDAC2/HEY1/RBPJ/TP53/MYC/KAT2A/FRAT1/NKD1/FZD8/FZD1/DVL2/CTNNB1/JAG2/NCOR2/JAG1/HDAC5/DLL1/HDAC11/WNT5B/GNAI1	0.380730400722792
HALLMARK_NOTCH_SIGNALING	HALLMARK_NOTCH_SIGNALING	32	-0.498462574705886	-1.539072956164	0.0267791238211436	0.0393810644428582	0.00994890049082734	2769	tags=41%, list=12%, signal=36%	RBX1/FZD1/NOTCH2/PRKCA/APH1A/HES1/JAG1/DLL1/NOTCH3/WNT2/LFNG/CCND1/MAML2	0.352487857583619
HALLMARK_TNFA_SIGNALING_VIA_NFKB	HALLMARK_TNFA_SIGNALING_VIA_NFKB	200	0.315288649960202	1.49451492381716	0.000847645549930766	0.0018427077172408	0.000465526160145043	3286	tags=34%, list=15%, signal=30%	ZC3H12A/PTPRE/TLR2/AREG/TNIP1/MXD1/HBEGF/EGR2/CCL20/NAMPT/IL7R/GCH1/DUSP5/SOD2/CD83/B4GALT5/CCL5/KYNU/IER5/TNFRSF9/GPR183/CXCL10/BIRC3/PHLDA2/IFNGR2/SPHK1/CDKN1A/CFLAR/CCL4/LDLR/TRAF1/CCL2/PLEK/DUSP4/NFKBIE/ICAM1/IRF1/CXCL11/RELB/TNF/IL1B/SLC2A3/SLC16A6/PLAUR/IER3/MAP2K3/NFIL3/TANK/SOCS3/TNIP2/FOSL1/GADD45A/CD80/TNC/NR4A3/IL23A/CCRL2/PTGER4/CD69/TNFAIP2/TAP1/SQSTM1/IL12B/CSF1/CEBPB/SLC2A6/PLAU/CXCL2/BCL3	0.477270815362862
HALLMARK_PROTEIN_SECRETION	HALLMARK_PROTEIN_SECRETION	96	-0.398726108304262	-1.48168148852895	0.0116332637135544	0.0187633285702491	0.0047402093230103	4895	tags=43%, list=22%, signal=33%	CLN5/PAM/SEC24D/VPS4B/VAMP3/MON2/OCRL/SSPN/SNX2/DNM1L/KRT18/YIPF6/COPB1/TMED10/GALC/IGF2R/ARFGAP3/GBF1/GNAS/RAB9A/ZW10/SCRN1/RAB2A/ANP32E/SOD1/GOLGA4/CAV2/AP2B1/ATP7A/STX7/SEC31A/AP3S1/RAB22A/MAPK1/SGMS1/TSPAN8/TPD52/EGFR/VAMP4/DST/ARFIP1	0.380730400722792
HALLMARK_KRAS_SIGNALING_UP	HALLMARK_KRAS_SIGNALING_UP	200	0.309003778918304	1.46472370371594	0.00159834220425026	0.00319668440850052	0.00080758342951592	3272	tags=34%, list=15%, signal=29%	CXCR4/ADAMDEC1/HBEGF/SPP1/DUSP6/CFB/ALDH1A3/CCL20/IL7R/ERO1A/LAPTM5/IL10RA/ANGPTL4/IL2RG/MMP9/TNFRSF1B/IRF8/SERPINA3/IKZF1/MAP4K1/CIDEA/LCP1/CSF2RA/CXCL10/BIRC3/ITGB2/CTSS/EPHB2/GADD45G/TRAF1/SOX9/LAT2/ETV4/CD37/PTPRR/IL1B/PRDM1/FCER1G/LY96/PLAUR/RBM4/ARG1/TLR8/RGS16/TRIB2/ADAM8/TMEM176A/TMEM176B/DOCK2/CLEC4A/ST6GAL1/C3AR1/FUCA1/ETS1/MYCN/MPZL2/MMP11/NRP1/F13A1/PLAT/PSMB8/WDR33/CROT/PRELID3B/PLAU/PDCD1LG2/GLRX	0.45505986738723
HALLMARK_BILE_ACID_METABOLISM	HALLMARK_BILE_ACID_METABOLISM	111	0.330714218968214	1.43981349411504	0.0096475030270669	0.017181366525488	0.00434055575380749	4417	tags=35%, list=20%, signal=28%	ALDH1A1/ACSL5/PIPOX/GCLM/ABCA4/DIO2/CYP27A1/GSTK1/NPC1/IDH2/IDH1/LCK/PEX16/RBP1/IDI1/ACSL1/PECR/HSD3B1/FADS1/MLYCD/PEX13/HACL1/ISOC1/SULT2B1/PXMP2/CROT/PEX11A/FADS2/HSD17B4/CYP7B1/SULT1B1/CH25H/PNPLA8/ABCG4/ABCD1/SERPINA6/AKR1D1/GNPAT/LONP2	0.380730400722792
HALLMARK_KRAS_SIGNALING_DN	HALLMARK_KRAS_SIGNALING_DN	200	-0.353032513656128	-1.43959100741987	0.00703964928885881	0.0135377870939593	0.00342007252900023	4649	tags=26%, list=21%, signal=21%	MFSD6/C5/CLDN16/TG/WNT16/RYR2/ZNF112/CDKAL1/PTGFR/SKIL/KRT15/KRT1/TCF7L1/LGALS7/TFAP2B/CPB1/ASB7/CPEB3/RYR1/KRT5/CYP39A1/TNNI3/VPS50/MAST3/HSD11B2/PDK2/NTF3/GPRC5C/IRS4/SOX10/THRB/PLAG1/CELSR2/SERPINB2/FGGY/CLDN8/FGFR3/COQ8A/NUDT11/CAMK1D/EDAR/COPZ2/TGFB2/GAMT/BMPR1B/PRODH/KMT2D/BARD1/LFNG/EDN1/PKP1/MSH5/SPTBN2	0.407017918923954
HALLMARK_PI3K_AKT_MTOR_SIGNALING	HALLMARK_PI3K_AKT_MTOR_SIGNALING	105	0.329433014119986	1.4155113266904	0.00872849626207577	0.016163881966807	0.00408350702319334	2981	tags=28%, list=13%, signal=24%	EIF4E/CXCR4/ARPC3/PFN1/PIK3R3/IL2RG/ACTR2/RALB/MKNK1/FASLG/PPP1CA/LCK/CDKN1A/HSP90B1/MYD88/DAPP1/UBE2N/PITX2/GRK2/SLA/MAP2K3/MAPKAP1/MAPK10/NFKBIB/CALR/CAMK4/ACACA/SQSTM1/THEM4	0.380730400722792
HALLMARK_HYPOXIA	HALLMARK_HYPOXIA	199	-0.351218659807071	-1.41477811822465	0.00996519258478303	0.017181366525488	0.00434055575380749	3057	tags=27%, list=14%, signal=23%	COL5A1/SDC2/PDGFB/ALDOC/UGP2/AKAP12/DCN/LXN/KDELR3/ERRFI1/VHL/NDRG1/CAVIN3/BTG1/HAS1/PRKCA/GPC1/XPNPEP1/P4HA2/HK1/IRS2/GRHPR/IDS/EFNA1/HOXB9/ACKR3/CA12/BGN/CAV1/MAP3K1/EFNA3/MXI1/ATP7A/PDK3/BCL2/ZNF292/SDC4/KLF6/P4HA1/TGFBI/CAVIN1/TIPARP/FOS/TPD52/NR3C1/EGFR/RORA/DUSP1/RRAGD/F3/PKP1/FOSL2/AK4	0.380730400722792
HALLMARK_MYOGENESIS	HALLMARK_MYOGENESIS	200	-0.34568543815043	-1.40963120649587	0.0104805020745538	0.0174675034575897	0.00441284297875951	4631	tags=29%, list=21%, signal=23%	GSN/TAGLN/SH3BGR/ADCY9/SSPN/SMTN/SCHIP1/AGL/LARGE1/COL3A1/GABARAPL2/COL1A1/AKT2/ITGB4/SPEG/MYO1C/CRYAB/MYH11/PPP1R3C/TPM2/AGRN/SGCA/SGCG/TSC2/CDH13/RYR1/SPARC/HSPB2/SORBS3/FOXO4/ATP6AP1/COX7A1/PDE4DIP/ITGB1/SGCD/TNNT1/FHL1/SLC6A8/MEF2D/VIPR1/DMD/LSP1/MYOM2/ITGB5/APP/MYH3/TNNT2/EIF4A2/WWTR1/PKIA/EPHB3/HDAC5/BAG1/KLF5/CKB/EFS/MEF2A/SPTAN1	0.380730400722792
HALLMARK_TGF_BETA_SIGNALING	HALLMARK_TGF_BETA_SIGNALING	54	-0.410347278750057	-1.40916764680576	0.0458333333333333	0.0603070175438596	0.0152354570637119	2790	tags=30%, list=13%, signal=26%	BMPR2/TRIM33/BMPR1A/CTNNB1/NCOR2/SPTBN1/WWTR1/SMAD3/APC/KLF10/ID3/ID2/SKI/SMURF2/BMP2/BCAR3	0.248911114434702
HALLMARK_ESTROGEN_RESPONSE_EARLY	HALLMARK_ESTROGEN_RESPONSE_EARLY	200	-0.327694575192286	-1.3362683191458	0.031671500547229	0.0452450007817557	0.0114303159869699	5299	tags=38%, list=24%, signal=29%	LRIG1/RHOD/FRK/IL6ST/MAST4/SLC1A4/CANT1/ABLIM1/UNC119/CD44/PDLIM3/MYC/SLC1A1/ENDOD1/ADCY9/INHBB/ZNF185/AQP3/SIAH2/SLC19A2/KRT18/KRT8/SLC2A1/KRT15/CLDN7/MPPED2/CLIC3/TOB1/CCN5/GREB1/KRT19/DLC1/OLFML3/SLC22A5/KCNK5/TIAM1/RBBP8/FLNB/TFF3/CYP26B1/KAZN/TJP3/ADD3/THSD4/NCOR2/IGF1R/CA12/CELSR2/CELSR1/OVOL2/INPP5F/SEMA3B/BCL2/DEPTOR/HES1/RHOBTB3/ARL3/KLF10/MED13L/NBL1/TIPARP/MAPT/BAG1/GAB2/AFF1/SYBU/BCL11B/RAPGEFL1/FOS/WFS1/NPY1R/KLF4/SNX24/CCND1/KDM4B	0.321775918075361
HALLMARK_APICAL_JUNCTION	HALLMARK_APICAL_JUNCTION	200	-0.326092689404117	-1.32973617186089	0.0328517900106656	0.0456274861259245	0.0115269438633914	5234	tags=38%, list=24%, signal=30%	CLDN11/CLDN5/CDH1/TJP1/AMIGO1/SLIT2/THBS3/VCAN/FBN1/GTF2F1/TSC1/ADAMTS5/NEGR1/CDSN/CERCAM/FLNC/COL16A1/CRB3/PTEN/CNTN1/CD99/EXOC4/AKT2/CADM3/PARVA/CLDN7/KRT31/ITGB4/NF1/SPEG/TAOK2/TMEM8B/ITGA3/MYL9/NECTIN1/LDLRAP1/ACTG2/JAM3/CD34/SORBS3/VCL/NFASC/BAIAP2/MAP3K20/AKT3/CTNNA1/NECTIN3/ITGB1/LAMC2/PALS1/ITGA9/NRTN/SGCE/DLG1/ITGA2/JUP/RASA1/PPP2R2C/SKAP2/CLDN8/CD276/ACTN4/LAMB3/PKD1/TGFBI/GAMT/DSC3/PIK3CB/PTK2/DSC1/NECTIN4/EGFR/PARD6G/COL17A1/LAMA3/CTNND1/GNAI1	0.321775918075361
HALLMARK_UNFOLDED_PROTEIN_RESPONSE	HALLMARK_UNFOLDED_PROTEIN_RESPONSE	113	0.295778557582334	1.30322302544702	0.0420716628655322	0.0568535984669354	0.0143630143495416	4759	tags=39%, list=21%, signal=31%	NABP1/EIF4E/XBP1/EIF4A1/HSPA5/ERO1A/SRPRB/NOLC1/HSPA9/SLC7A5/HYOU1/HSP90B1/ATP6V0D1/DNAJB9/SHC1/H2AX/CCL2/TARS1/SERP1/PREB/SPCS3/SRPRA/DDIT4/CALR/EDEM1/EIF2S1/LSM4/CEBPB/EXOSC4/EIF4A3/YIF1A/NOP14/MTHFD2/SSR1/ATF4/NHP2/PDIA6/SPCS1/CHAC1/IFIT1/SEC11A/STC2/IARS1/POP4	0.321775918075361
HALLMARK_APOPTOSIS	HALLMARK_APOPTOSIS	161	0.273716007149347	1.27755097382092	0.0242317169367392	0.036714722631423	0.00927529834899107	2934	tags=30%, list=13%, signal=26%	HMOX1/CD2/GCH1/IFNGR1/BNIP3L/SOD2/BID/DPYD/GPX3/SC5D/FASLG/BIRC3/ISG20/CDKN1A/CFLAR/DIABLO/DAP3/BCAP31/EBP/CD14/CTH/GPX1/RHOT2/DNAJA1/PRF1/IRF1/CASP1/TNF/TNFSF10/IL1B/SLC20A1/IER3/BCL2L11/IFITM3/CCNA1/GPX4/PLCB2/GADD45A/CASP9/BCL2L1/CD69/CD38/CASP8/VDAC2/TOP2A/TAP1/PLAT/SQSTM1	0.352487857583619
