run_accession	sample_accession	fastq_ftp	fastq_bytes	library_name
SRR31465418	SAMN45004436	ftp.sra.ebi.ac.uk/vol1/fastq/SRR314/018/SRR31465418/SRR31465418_1.fastq.gz;ftp.sra.ebi.ac.uk/vol1/fastq/SRR314/018/SRR31465418/SRR31465418_2.fastq.gz	27011720;30647664	65_S65_L001
SRR31465419	SAMN45004435	ftp.sra.ebi.ac.uk/vol1/fastq/SRR314/019/SRR31465419/SRR31465419_1.fastq.gz;ftp.sra.ebi.ac.uk/vol1/fastq/SRR314/019/SRR31465419/SRR31465419_2.fastq.gz	29073051;33311016	64_S64_L001
SRR31465428	SAMN45004427	ftp.sra.ebi.ac.uk/vol1/fastq/SRR314/028/SRR31465428/SRR31465428_1.fastq.gz;ftp.sra.ebi.ac.uk/vol1/fastq/SRR314/028/SRR31465428/SRR31465428_2.fastq.gz	26914983;32439842	56_S56_L001
SRR31465436	SAMN45004420	ftp.sra.ebi.ac.uk/vol1/fastq/SRR314/036/SRR31465436/SRR31465436_1.fastq.gz;ftp.sra.ebi.ac.uk/vol1/fastq/SRR314/036/SRR31465436/SRR31465436_2.fastq.gz	28348561;33005382	49_S49_L001
SRR31465437	SAMN45004419	ftp.sra.ebi.ac.uk/vol1/fastq/SRR314/037/SRR31465437/SRR31465437_1.fastq.gz;ftp.sra.ebi.ac.uk/vol1/fastq/SRR314/037/SRR31465437/SRR31465437_2.fastq.gz	29743276;33980086	48_S48_L001
SRR31465439	SAMN45004417	ftp.sra.ebi.ac.uk/vol1/fastq/SRR314/039/SRR31465439/SRR31465439_1.fastq.gz;ftp.sra.ebi.ac.uk/vol1/fastq/SRR314/039/SRR31465439/SRR31465439_2.fastq.gz	21595694;24390211	46_S46_L001
SRR31465441	SAMN45004415	ftp.sra.ebi.ac.uk/vol1/fastq/SRR314/041/SRR31465441/SRR31465441_1.fastq.gz;ftp.sra.ebi.ac.uk/vol1/fastq/SRR314/041/SRR31465441/SRR31465441_2.fastq.gz	23129860;26794744	44_S44_L001
SRR31465443	SAMN45004413	ftp.sra.ebi.ac.uk/vol1/fastq/SRR314/043/SRR31465443/SRR31465443_1.fastq.gz;ftp.sra.ebi.ac.uk/vol1/fastq/SRR314/043/SRR31465443/SRR31465443_2.fastq.gz	24278174;29027496	42_S42_L001
SRR31465446	SAMN45004411	ftp.sra.ebi.ac.uk/vol1/fastq/SRR314/046/SRR31465446/SRR31465446_1.fastq.gz;ftp.sra.ebi.ac.uk/vol1/fastq/SRR314/046/SRR31465446/SRR31465446_2.fastq.gz	21814345;25051900	40_S40_L001
SRR31465447	SAMN45004410	ftp.sra.ebi.ac.uk/vol1/fastq/SRR314/047/SRR31465447/SRR31465447_1.fastq.gz;ftp.sra.ebi.ac.uk/vol1/fastq/SRR314/047/SRR31465447/SRR31465447_2.fastq.gz	18170928;18757447	39_S39_L001
SRR31465451	SAMN45004406	ftp.sra.ebi.ac.uk/vol1/fastq/SRR314/051/SRR31465451/SRR31465451_1.fastq.gz;ftp.sra.ebi.ac.uk/vol1/fastq/SRR314/051/SRR31465451/SRR31465451_2.fastq.gz	30824438;34817512	35_S35_L001
SRR31465464	SAMN45004394	ftp.sra.ebi.ac.uk/vol1/fastq/SRR314/064/SRR31465464/SRR31465464_1.fastq.gz;ftp.sra.ebi.ac.uk/vol1/fastq/SRR314/064/SRR31465464/SRR31465464_2.fastq.gz	30991942;33888858	23_S23_L001
SRR31465466	SAMN45004392	ftp.sra.ebi.ac.uk/vol1/fastq/SRR314/066/SRR31465466/SRR31465466_1.fastq.gz;ftp.sra.ebi.ac.uk/vol1/fastq/SRR314/066/SRR31465466/SRR31465466_2.fastq.gz	29461391;33122667	21_S21_L001
SRR31465467	SAMN45004374	ftp.sra.ebi.ac.uk/vol1/fastq/SRR314/067/SRR31465467/SRR31465467_1.fastq.gz;ftp.sra.ebi.ac.uk/vol1/fastq/SRR314/067/SRR31465467/SRR31465467_2.fastq.gz	2478446;2945192	3_pskin16
SRR31465469	SAMN45004390	ftp.sra.ebi.ac.uk/vol1/fastq/SRR314/069/SRR31465469/SRR31465469_1.fastq.gz;ftp.sra.ebi.ac.uk/vol1/fastq/SRR314/069/SRR31465469/SRR31465469_2.fastq.gz	17959139;19982190	19_S19_L001
SRR31465476	SAMN45004383	ftp.sra.ebi.ac.uk/vol1/fastq/SRR314/076/SRR31465476/SRR31465476_1.fastq.gz;ftp.sra.ebi.ac.uk/vol1/fastq/SRR314/076/SRR31465476/SRR31465476_2.fastq.gz	28285413;32306166	12_S12_L001
SRR31465481	SAMN45004463	ftp.sra.ebi.ac.uk/vol1/fastq/SRR314/081/SRR31465481/SRR31465481_1.fastq.gz;ftp.sra.ebi.ac.uk/vol1/fastq/SRR314/081/SRR31465481/SRR31465481_2.fastq.gz	15895839;17992009	92_S92_L001
SRR31465485	SAMN45004460	ftp.sra.ebi.ac.uk/vol1/fastq/SRR314/085/SRR31465485/SRR31465485_1.fastq.gz;ftp.sra.ebi.ac.uk/vol1/fastq/SRR314/085/SRR31465485/SRR31465485_2.fastq.gz	26837050;29084002	89_S89_L001
SRR31465486	SAMN45004459	ftp.sra.ebi.ac.uk/vol1/fastq/SRR314/086/SRR31465486/SRR31465486_1.fastq.gz;ftp.sra.ebi.ac.uk/vol1/fastq/SRR314/086/SRR31465486/SRR31465486_2.fastq.gz	27767874;30415267	88_S88_L001
SRR31465490	SAMN45004455	ftp.sra.ebi.ac.uk/vol1/fastq/SRR314/090/SRR31465490/SRR31465490_1.fastq.gz;ftp.sra.ebi.ac.uk/vol1/fastq/SRR314/090/SRR31465490/SRR31465490_2.fastq.gz	30091885;33431999	84_S84_L001
SRR31465494	SAMN45004380	ftp.sra.ebi.ac.uk/vol1/fastq/SRR314/094/SRR31465494/SRR31465494_1.fastq.gz;ftp.sra.ebi.ac.uk/vol1/fastq/SRR314/094/SRR31465494/SRR31465494_2.fastq.gz	31223767;35658359	9_S9_L001
SRR31465495	SAMN45004451	ftp.sra.ebi.ac.uk/vol1/fastq/SRR314/095/SRR31465495/SRR31465495_1.fastq.gz;ftp.sra.ebi.ac.uk/vol1/fastq/SRR314/095/SRR31465495/SRR31465495_2.fastq.gz	15900366;17771869	80_S80_L001
SRR31465504	SAMN45004442	ftp.sra.ebi.ac.uk/vol1/fastq/SRR314/004/SRR31465504/SRR31465504_1.fastq.gz;ftp.sra.ebi.ac.uk/vol1/fastq/SRR314/004/SRR31465504/SRR31465504_2.fastq.gz	28017792;32385538	71_S71_L001
SRR31465508	SAMN45004439	ftp.sra.ebi.ac.uk/vol1/fastq/SRR314/008/SRR31465508/SRR31465508_1.fastq.gz;ftp.sra.ebi.ac.uk/vol1/fastq/SRR314/008/SRR31465508/SRR31465508_2.fastq.gz	23532257;28320690	68_S68_L001
SRR31465416	SAMN45004438	ftp.sra.ebi.ac.uk/vol1/fastq/SRR314/016/SRR31465416/SRR31465416_1.fastq.gz;ftp.sra.ebi.ac.uk/vol1/fastq/SRR314/016/SRR31465416/SRR31465416_2.fastq.gz	23972377;28123343	67_S67_L001
SRR31465421	SAMN45004433	ftp.sra.ebi.ac.uk/vol1/fastq/SRR314/021/SRR31465421/SRR31465421_1.fastq.gz;ftp.sra.ebi.ac.uk/vol1/fastq/SRR314/021/SRR31465421/SRR31465421_2.fastq.gz	21116857;24663686	62_S62_L001
SRR31465424	SAMN45004431	ftp.sra.ebi.ac.uk/vol1/fastq/SRR314/024/SRR31465424/SRR31465424_1.fastq.gz;ftp.sra.ebi.ac.uk/vol1/fastq/SRR314/024/SRR31465424/SRR31465424_2.fastq.gz	28514427;34212404	60_S60_L001
SRR31465426	SAMN45004429	ftp.sra.ebi.ac.uk/vol1/fastq/SRR314/026/SRR31465426/SRR31465426_1.fastq.gz;ftp.sra.ebi.ac.uk/vol1/fastq/SRR314/026/SRR31465426/SRR31465426_2.fastq.gz	15133478;17854479	58_S58_L001
SRR31465430	SAMN45004425	ftp.sra.ebi.ac.uk/vol1/fastq/SRR314/030/SRR31465430/SRR31465430_1.fastq.gz;ftp.sra.ebi.ac.uk/vol1/fastq/SRR314/030/SRR31465430/SRR31465430_2.fastq.gz	25605512;31098501	54_S54_L001
SRR31465431	SAMN45004424	ftp.sra.ebi.ac.uk/vol1/fastq/SRR314/031/SRR31465431/SRR31465431_1.fastq.gz;ftp.sra.ebi.ac.uk/vol1/fastq/SRR314/031/SRR31465431/SRR31465431_2.fastq.gz	22766385;26411766	53_S53_L001
SRR31465433	SAMN45004422	ftp.sra.ebi.ac.uk/vol1/fastq/SRR314/033/SRR31465433/SRR31465433_1.fastq.gz;ftp.sra.ebi.ac.uk/vol1/fastq/SRR314/033/SRR31465433/SRR31465433_2.fastq.gz	24289102;28770263	51_S51_L001
SRR31465435	SAMN45004421	ftp.sra.ebi.ac.uk/vol1/fastq/SRR314/035/SRR31465435/SRR31465435_1.fastq.gz;ftp.sra.ebi.ac.uk/vol1/fastq/SRR314/035/SRR31465435/SRR31465435_2.fastq.gz	17376927;20193547	50_S50_L001
SRR31465438	SAMN45004418	ftp.sra.ebi.ac.uk/vol1/fastq/SRR314/038/SRR31465438/SRR31465438_1.fastq.gz;ftp.sra.ebi.ac.uk/vol1/fastq/SRR314/038/SRR31465438/SRR31465438_2.fastq.gz	23613324;27001720	47_S47_L001
SRR31465440	SAMN45004416	ftp.sra.ebi.ac.uk/vol1/fastq/SRR314/040/SRR31465440/SRR31465440_1.fastq.gz;ftp.sra.ebi.ac.uk/vol1/fastq/SRR314/040/SRR31465440/SRR31465440_2.fastq.gz	21299587;25647762	45_S45_L001
SRR31465444	SAMN45004412	ftp.sra.ebi.ac.uk/vol1/fastq/SRR314/044/SRR31465444/SRR31465444_1.fastq.gz;ftp.sra.ebi.ac.uk/vol1/fastq/SRR314/044/SRR31465444/SRR31465444_2.fastq.gz	21594479;23285001	41_S41_L001
SRR31465445	SAMN45004376	ftp.sra.ebi.ac.uk/vol1/fastq/SRR314/045/SRR31465445/SRR31465445_1.fastq.gz;ftp.sra.ebi.ac.uk/vol1/fastq/SRR314/045/SRR31465445/SRR31465445_2.fastq.gz	27292348;30276636	5_S5_L001
SRR31465448	SAMN45004409	ftp.sra.ebi.ac.uk/vol1/fastq/SRR314/048/SRR31465448/SRR31465448_1.fastq.gz;ftp.sra.ebi.ac.uk/vol1/fastq/SRR314/048/SRR31465448/SRR31465448_2.fastq.gz	18452879;21762607	38_S38_L001
SRR31465449	SAMN45004408	ftp.sra.ebi.ac.uk/vol1/fastq/SRR314/049/SRR31465449/SRR31465449_1.fastq.gz;ftp.sra.ebi.ac.uk/vol1/fastq/SRR314/049/SRR31465449/SRR31465449_2.fastq.gz	22144886;25142484	37_S37_L001
SRR31465450	SAMN45004407	ftp.sra.ebi.ac.uk/vol1/fastq/SRR314/050/SRR31465450/SRR31465450_1.fastq.gz;ftp.sra.ebi.ac.uk/vol1/fastq/SRR314/050/SRR31465450/SRR31465450_2.fastq.gz	35804259;40062842	36_S36_L001
SRR31465452	SAMN45004405	ftp.sra.ebi.ac.uk/vol1/fastq/SRR314/052/SRR31465452/SRR31465452_1.fastq.gz;ftp.sra.ebi.ac.uk/vol1/fastq/SRR314/052/SRR31465452/SRR31465452_2.fastq.gz	25723242;29292200	34_S34_L001
SRR31465456	SAMN45004375	ftp.sra.ebi.ac.uk/vol1/fastq/SRR314/056/SRR31465456/SRR31465456_1.fastq.gz;ftp.sra.ebi.ac.uk/vol1/fastq/SRR314/056/SRR31465456/SRR31465456_2.fastq.gz	30346282;34148683	4_S4_L001
SRR31465457	SAMN45004401	ftp.sra.ebi.ac.uk/vol1/fastq/SRR314/057/SRR31465457/SRR31465457_1.fastq.gz;ftp.sra.ebi.ac.uk/vol1/fastq/SRR314/057/SRR31465457/SRR31465457_2.fastq.gz	31706530;37000185	30_S30_L001
SRR31465458	SAMN45004400	ftp.sra.ebi.ac.uk/vol1/fastq/SRR314/058/SRR31465458/SRR31465458_1.fastq.gz;ftp.sra.ebi.ac.uk/vol1/fastq/SRR314/058/SRR31465458/SRR31465458_2.fastq.gz	26897737;30306197	29_S29_L001
SRR31465459	SAMN45004399	ftp.sra.ebi.ac.uk/vol1/fastq/SRR314/059/SRR31465459/SRR31465459_1.fastq.gz;ftp.sra.ebi.ac.uk/vol1/fastq/SRR314/059/SRR31465459/SRR31465459_2.fastq.gz	28495942;32453642	28_S28_L001
SRR31465460	SAMN45004398	ftp.sra.ebi.ac.uk/vol1/fastq/SRR314/060/SRR31465460/SRR31465460_1.fastq.gz;ftp.sra.ebi.ac.uk/vol1/fastq/SRR314/060/SRR31465460/SRR31465460_2.fastq.gz	26955514;30790720	27_S27_L001
SRR31465471	SAMN45004388	ftp.sra.ebi.ac.uk/vol1/fastq/SRR314/071/SRR31465471/SRR31465471_1.fastq.gz;ftp.sra.ebi.ac.uk/vol1/fastq/SRR314/071/SRR31465471/SRR31465471_2.fastq.gz	29342474;31711336	17_S17_L001
SRR31465474	SAMN45004385	ftp.sra.ebi.ac.uk/vol1/fastq/SRR314/074/SRR31465474/SRR31465474_1.fastq.gz;ftp.sra.ebi.ac.uk/vol1/fastq/SRR314/074/SRR31465474/SRR31465474_2.fastq.gz	21232032;25529824	14_S14_L001
SRR31465484	SAMN45004461	ftp.sra.ebi.ac.uk/vol1/fastq/SRR314/084/SRR31465484/SRR31465484_1.fastq.gz;ftp.sra.ebi.ac.uk/vol1/fastq/SRR314/084/SRR31465484/SRR31465484_2.fastq.gz	26571535;29359930	90_S90_L001
SRR31465488	SAMN45004457	ftp.sra.ebi.ac.uk/vol1/fastq/SRR314/088/SRR31465488/SRR31465488_1.fastq.gz;ftp.sra.ebi.ac.uk/vol1/fastq/SRR314/088/SRR31465488/SRR31465488_2.fastq.gz	23320444;26514735	86_S86_L001
SRR31465489	SAMN45004456	ftp.sra.ebi.ac.uk/vol1/fastq/SRR314/089/SRR31465489/SRR31465489_1.fastq.gz;ftp.sra.ebi.ac.uk/vol1/fastq/SRR314/089/SRR31465489/SRR31465489_2.fastq.gz	27998949;30112443	85_S85_L001
SRR31465492	SAMN45004453	ftp.sra.ebi.ac.uk/vol1/fastq/SRR314/092/SRR31465492/SRR31465492_1.fastq.gz;ftp.sra.ebi.ac.uk/vol1/fastq/SRR314/092/SRR31465492/SRR31465492_2.fastq.gz	32766253;35746046	82_S82_L001
SRR31465493	SAMN45004452	ftp.sra.ebi.ac.uk/vol1/fastq/SRR314/093/SRR31465493/SRR31465493_1.fastq.gz;ftp.sra.ebi.ac.uk/vol1/fastq/SRR314/093/SRR31465493/SRR31465493_2.fastq.gz	34373286;37817875	81_S81_L001
SRR31465497	SAMN45004449	ftp.sra.ebi.ac.uk/vol1/fastq/SRR314/097/SRR31465497/SRR31465497_1.fastq.gz;ftp.sra.ebi.ac.uk/vol1/fastq/SRR314/097/SRR31465497/SRR31465497_2.fastq.gz	30037236;34262220	78_S78_L001
SRR31465498	SAMN45004448	ftp.sra.ebi.ac.uk/vol1/fastq/SRR314/098/SRR31465498/SRR31465498_1.fastq.gz;ftp.sra.ebi.ac.uk/vol1/fastq/SRR314/098/SRR31465498/SRR31465498_2.fastq.gz	30691938;33637009	77_S77_L001
SRR31465500	SAMN45004446	ftp.sra.ebi.ac.uk/vol1/fastq/SRR314/000/SRR31465500/SRR31465500_1.fastq.gz;ftp.sra.ebi.ac.uk/vol1/fastq/SRR314/000/SRR31465500/SRR31465500_2.fastq.gz	34940497;37875485	75_S75_L001
SRR31465502	SAMN45004444	ftp.sra.ebi.ac.uk/vol1/fastq/SRR314/002/SRR31465502/SRR31465502_1.fastq.gz;ftp.sra.ebi.ac.uk/vol1/fastq/SRR314/002/SRR31465502/SRR31465502_2.fastq.gz	25939012;28220391	73_S73_L001
SRR31465417	SAMN45004437	ftp.sra.ebi.ac.uk/vol1/fastq/SRR314/017/SRR31465417/SRR31465417_1.fastq.gz;ftp.sra.ebi.ac.uk/vol1/fastq/SRR314/017/SRR31465417/SRR31465417_2.fastq.gz	40449785;47271587	66_S66_L001
SRR31465420	SAMN45004434	ftp.sra.ebi.ac.uk/vol1/fastq/SRR314/020/SRR31465420/SRR31465420_1.fastq.gz;ftp.sra.ebi.ac.uk/vol1/fastq/SRR314/020/SRR31465420/SRR31465420_2.fastq.gz	35586502;40661752	63_S63_L001
SRR31465422	SAMN45004432	ftp.sra.ebi.ac.uk/vol1/fastq/SRR314/022/SRR31465422/SRR31465422_1.fastq.gz;ftp.sra.ebi.ac.uk/vol1/fastq/SRR314/022/SRR31465422/SRR31465422_2.fastq.gz	22309595;26277626	61_S61_L001
SRR31465423	SAMN45004378	ftp.sra.ebi.ac.uk/vol1/fastq/SRR314/023/SRR31465423/SRR31465423_1.fastq.gz;ftp.sra.ebi.ac.uk/vol1/fastq/SRR314/023/SRR31465423/SRR31465423_2.fastq.gz	23395919;26199360	7_S7_L001
SRR31465425	SAMN45004430	ftp.sra.ebi.ac.uk/vol1/fastq/SRR314/025/SRR31465425/SRR31465425_1.fastq.gz;ftp.sra.ebi.ac.uk/vol1/fastq/SRR314/025/SRR31465425/SRR31465425_2.fastq.gz	24393826;28672557	59_S59_L001
SRR31465427	SAMN45004428	ftp.sra.ebi.ac.uk/vol1/fastq/SRR314/027/SRR31465427/SRR31465427_1.fastq.gz;ftp.sra.ebi.ac.uk/vol1/fastq/SRR314/027/SRR31465427/SRR31465427_2.fastq.gz	26769950;32039555	57_S57_L001
SRR31465429	SAMN45004426	ftp.sra.ebi.ac.uk/vol1/fastq/SRR314/029/SRR31465429/SRR31465429_1.fastq.gz;ftp.sra.ebi.ac.uk/vol1/fastq/SRR314/029/SRR31465429/SRR31465429_2.fastq.gz	22588194;26143044	55_S55_L001
SRR31465432	SAMN45004423	ftp.sra.ebi.ac.uk/vol1/fastq/SRR314/032/SRR31465432/SRR31465432_1.fastq.gz;ftp.sra.ebi.ac.uk/vol1/fastq/SRR314/032/SRR31465432/SRR31465432_2.fastq.gz	27999926;33131772	52_S52_L001
SRR31465434	SAMN45004377	ftp.sra.ebi.ac.uk/vol1/fastq/SRR314/034/SRR31465434/SRR31465434_1.fastq.gz;ftp.sra.ebi.ac.uk/vol1/fastq/SRR314/034/SRR31465434/SRR31465434_2.fastq.gz	23944779;27671174	6_S6_L001
SRR31465442	SAMN45004414	ftp.sra.ebi.ac.uk/vol1/fastq/SRR314/042/SRR31465442/SRR31465442_1.fastq.gz;ftp.sra.ebi.ac.uk/vol1/fastq/SRR314/042/SRR31465442/SRR31465442_2.fastq.gz	17773618;20399167	43_S43_L001
SRR31465453	SAMN45004404	ftp.sra.ebi.ac.uk/vol1/fastq/SRR314/053/SRR31465453/SRR31465453_1.fastq.gz;ftp.sra.ebi.ac.uk/vol1/fastq/SRR314/053/SRR31465453/SRR31465453_2.fastq.gz	29740639;33596765	33_S33_L001
SRR31465454	SAMN45004403	ftp.sra.ebi.ac.uk/vol1/fastq/SRR314/054/SRR31465454/SRR31465454_1.fastq.gz;ftp.sra.ebi.ac.uk/vol1/fastq/SRR314/054/SRR31465454/SRR31465454_2.fastq.gz	24531467;28950923	32_S32_L001
SRR31465455	SAMN45004402	ftp.sra.ebi.ac.uk/vol1/fastq/SRR314/055/SRR31465455/SRR31465455_1.fastq.gz;ftp.sra.ebi.ac.uk/vol1/fastq/SRR314/055/SRR31465455/SRR31465455_2.fastq.gz	27977927;31052502	31_S31_L001
SRR31465461	SAMN45004397	ftp.sra.ebi.ac.uk/vol1/fastq/SRR314/061/SRR31465461/SRR31465461_1.fastq.gz;ftp.sra.ebi.ac.uk/vol1/fastq/SRR314/061/SRR31465461/SRR31465461_2.fastq.gz	21334270;24597336	26_S26_L001
SRR31465462	SAMN45004396	ftp.sra.ebi.ac.uk/vol1/fastq/SRR314/062/SRR31465462/SRR31465462_1.fastq.gz;ftp.sra.ebi.ac.uk/vol1/fastq/SRR314/062/SRR31465462/SRR31465462_2.fastq.gz	29318882;32927409	25_S25_L001
SRR31465463	SAMN45004395	ftp.sra.ebi.ac.uk/vol1/fastq/SRR314/063/SRR31465463/SRR31465463_1.fastq.gz;ftp.sra.ebi.ac.uk/vol1/fastq/SRR314/063/SRR31465463/SRR31465463_2.fastq.gz	29711103;32964859	24_S24_L001
SRR31465465	SAMN45004393	ftp.sra.ebi.ac.uk/vol1/fastq/SRR314/065/SRR31465465/SRR31465465_1.fastq.gz;ftp.sra.ebi.ac.uk/vol1/fastq/SRR314/065/SRR31465465/SRR31465465_2.fastq.gz	20498324;22406006	22_S22_L001
SRR31465468	SAMN45004391	ftp.sra.ebi.ac.uk/vol1/fastq/SRR314/068/SRR31465468/SRR31465468_1.fastq.gz;ftp.sra.ebi.ac.uk/vol1/fastq/SRR314/068/SRR31465468/SRR31465468_2.fastq.gz	21313762;23550140	20_S20_L001
SRR31465470	SAMN45004389	ftp.sra.ebi.ac.uk/vol1/fastq/SRR314/070/SRR31465470/SRR31465470_1.fastq.gz;ftp.sra.ebi.ac.uk/vol1/fastq/SRR314/070/SRR31465470/SRR31465470_2.fastq.gz	25366148;28749653	18_S18_L001
SRR31465472	SAMN45004387	ftp.sra.ebi.ac.uk/vol1/fastq/SRR314/072/SRR31465472/SRR31465472_1.fastq.gz;ftp.sra.ebi.ac.uk/vol1/fastq/SRR314/072/SRR31465472/SRR31465472_2.fastq.gz	29482436;32865541	16_S16_L001
SRR31465473	SAMN45004386	ftp.sra.ebi.ac.uk/vol1/fastq/SRR314/073/SRR31465473/SRR31465473_1.fastq.gz;ftp.sra.ebi.ac.uk/vol1/fastq/SRR314/073/SRR31465473/SRR31465473_2.fastq.gz	23781792;25590220	15_S15_L001
SRR31465475	SAMN45004384	ftp.sra.ebi.ac.uk/vol1/fastq/SRR314/075/SRR31465475/SRR31465475_1.fastq.gz;ftp.sra.ebi.ac.uk/vol1/fastq/SRR314/075/SRR31465475/SRR31465475_2.fastq.gz	28702021;31519445	13_S13_L001
SRR31465477	SAMN45004382	ftp.sra.ebi.ac.uk/vol1/fastq/SRR314/077/SRR31465477/SRR31465477_1.fastq.gz;ftp.sra.ebi.ac.uk/vol1/fastq/SRR314/077/SRR31465477/SRR31465477_2.fastq.gz	27926346;31278894	11_S11_L001
SRR31465478	SAMN45004373	ftp.sra.ebi.ac.uk/vol1/fastq/SRR314/078/SRR31465478/SRR31465478_1.fastq.gz;ftp.sra.ebi.ac.uk/vol1/fastq/SRR314/078/SRR31465478/SRR31465478_2.fastq.gz	1826381;2044298	2_pskin23_L001
SRR31465479	SAMN45004372	ftp.sra.ebi.ac.uk/vol1/fastq/SRR314/079/SRR31465479/SRR31465479_1.fastq.gz;ftp.sra.ebi.ac.uk/vol1/fastq/SRR314/079/SRR31465479/SRR31465479_2.fastq.gz	263549;260283	1_pskin26
SRR31465480	SAMN45004464	ftp.sra.ebi.ac.uk/vol1/fastq/SRR314/080/SRR31465480/SRR31465480_1.fastq.gz;ftp.sra.ebi.ac.uk/vol1/fastq/SRR314/080/SRR31465480/SRR31465480_2.fastq.gz	35775694;39154569	93_S93_L001
SRR31465482	SAMN45004462	ftp.sra.ebi.ac.uk/vol1/fastq/SRR314/082/SRR31465482/SRR31465482_1.fastq.gz;ftp.sra.ebi.ac.uk/vol1/fastq/SRR314/082/SRR31465482/SRR31465482_2.fastq.gz	28585853;31181037	91_S91_L001
SRR31465483	SAMN45004381	ftp.sra.ebi.ac.uk/vol1/fastq/SRR314/083/SRR31465483/SRR31465483_1.fastq.gz;ftp.sra.ebi.ac.uk/vol1/fastq/SRR314/083/SRR31465483/SRR31465483_2.fastq.gz	25363790;28491002	10_S10_L001
SRR31465487	SAMN45004458	ftp.sra.ebi.ac.uk/vol1/fastq/SRR314/087/SRR31465487/SRR31465487_1.fastq.gz;ftp.sra.ebi.ac.uk/vol1/fastq/SRR314/087/SRR31465487/SRR31465487_2.fastq.gz	26271006;28502700	87_S87_L001
SRR31465491	SAMN45004454	ftp.sra.ebi.ac.uk/vol1/fastq/SRR314/091/SRR31465491/SRR31465491_1.fastq.gz;ftp.sra.ebi.ac.uk/vol1/fastq/SRR314/091/SRR31465491/SRR31465491_2.fastq.gz	36822650;39996722	83_S83_L001
SRR31465496	SAMN45004450	ftp.sra.ebi.ac.uk/vol1/fastq/SRR314/096/SRR31465496/SRR31465496_1.fastq.gz;ftp.sra.ebi.ac.uk/vol1/fastq/SRR314/096/SRR31465496/SRR31465496_2.fastq.gz	33583467;36019952	79_S79_L001
SRR31465499	SAMN45004447	ftp.sra.ebi.ac.uk/vol1/fastq/SRR314/099/SRR31465499/SRR31465499_1.fastq.gz;ftp.sra.ebi.ac.uk/vol1/fastq/SRR314/099/SRR31465499/SRR31465499_2.fastq.gz	33525287;37527702	76_S76_L001
SRR31465501	SAMN45004445	ftp.sra.ebi.ac.uk/vol1/fastq/SRR314/001/SRR31465501/SRR31465501_1.fastq.gz;ftp.sra.ebi.ac.uk/vol1/fastq/SRR314/001/SRR31465501/SRR31465501_2.fastq.gz	17001308;18549846	74_S74_L001
SRR31465503	SAMN45004443	ftp.sra.ebi.ac.uk/vol1/fastq/SRR314/003/SRR31465503/SRR31465503_1.fastq.gz;ftp.sra.ebi.ac.uk/vol1/fastq/SRR314/003/SRR31465503/SRR31465503_2.fastq.gz	33785207;38956463	72_S72_L001
SRR31465505	SAMN45004379	ftp.sra.ebi.ac.uk/vol1/fastq/SRR314/005/SRR31465505/SRR31465505_1.fastq.gz;ftp.sra.ebi.ac.uk/vol1/fastq/SRR314/005/SRR31465505/SRR31465505_2.fastq.gz	30696861;35523219	8_S8_L001
SRR31465506	SAMN45004441	ftp.sra.ebi.ac.uk/vol1/fastq/SRR314/006/SRR31465506/SRR31465506_1.fastq.gz;ftp.sra.ebi.ac.uk/vol1/fastq/SRR314/006/SRR31465506/SRR31465506_2.fastq.gz	24123694;28084760	70_S70_L001
SRR31465507	SAMN45004440	ftp.sra.ebi.ac.uk/vol1/fastq/SRR314/007/SRR31465507/SRR31465507_1.fastq.gz;ftp.sra.ebi.ac.uk/vol1/fastq/SRR314/007/SRR31465507/SRR31465507_2.fastq.gz	29061647;33299465	69_S69_L001
